,brandid,umlid
0,1,po1000001252
1,1,po1000000134
2,1,po1000000451
3,1,po1000000054
4,1,po1000000706
5,1,po1000006505
6,1,po1000001775
7,1,po1000001061
8,1,po1000000355
9,1,po1000000939
10,1,po1000001777
11,1,po1000001251
12,1,po1000000352
13,2,po1000004269
14,2,po1000004351
15,2,po1000004554
16,2,po1000004072
17,2,po1000008158
18,2,po1000001637
19,2,po1000004218
20,2,po1000007515
21,2,po1000004842
22,2,po1000004942
23,2,po1000007627
24,2,po1000004476
25,2,po1000004344
26,2,po1000004215
27,2,po1000004078
28,2,po1000004575
29,2,po1000004513
30,2,po1000008388
31,2,po1000007549
32,2,po1000008214
33,2,po1000004500
34,2,po1000004214
35,2,po1000004931
36,2,po1000008591
37,2,po1000004228
38,2,po1000004481
39,2,po1000004571
40,2,po1000004167
41,2,po1000004422
42,2,po1000004505
43,2,po1000008403
44,2,po1000007596
45,2,po1000008429
46,2,po1000004572
47,2,po1000004101
48,2,po1000000884
49,2,po1000004217
50,2,po1000005204
51,2,po1000004318
52,2,po1000001315
53,2,po1000005206
54,2,po1000007467
55,2,po1000006150
56,2,po1000004486
57,2,po1000007628
58,2,po1000004352
59,2,po1000004582
60,2,po1000008217
61,2,po1000006362
62,2,po1000004455
63,2,po1000004454
64,2,po1000004470
65,2,po1000001761
66,2,po1000004866
67,2,po1000003491
68,2,po1000008180
69,2,po1000001683
70,2,po1000004930
71,2,po1000001684
72,2,po1000007591
73,2,po1000004191
74,2,po1000004316
75,2,po1000008216
76,2,po1000007623
77,2,po1000007537
78,2,po1000008412
79,2,po1000002360
80,2,po1000004853
81,2,po1000004358
82,2,po1000004934
83,2,po1000007462
84,2,po1000004307
85,2,po1000004313
86,2,po1000004546
87,2,po1000008184
88,2,po1000008132
89,2,po1000008202
90,2,po1000004270
91,2,po1000004488
92,2,po1000004085
93,2,po1000004081
94,2,po1000004284
95,2,po1000002037
96,2,po1000000354
97,2,po1000004162
98,2,po1000004511
99,2,po1000004495
100,2,po1000004321
101,2,po1000007443
102,2,po1000007648
103,2,po1000004234
104,2,po1000006156
105,2,po1000004102
106,2,po1000004865
107,2,po1000004285
108,2,po1000009019
109,2,po1000005145
110,2,po1000004565
111,2,po1000001960
112,2,po1000008138
113,2,po1000004064
114,2,po1000001631
115,2,po1000002198
116,2,po1000001154
117,2,po1000001155
118,2,po1000001156
119,2,po1000004656
120,2,po1000002863
121,2,po1000001638
122,2,po1000001345
123,2,po1000001344
124,2,po1000004655
125,2,po1000003782
126,2,po1000001150
127,2,po1000004177
128,2,po1000003333
129,2,po1000002677
130,2,po1000002676
131,2,po1000004850
132,2,po1000008343
133,2,po1000004291
134,2,po1000004309
135,2,po1000004456
136,2,po1000005202
137,2,po1000007541
138,2,po1000006328
139,2,po1000008224
140,2,po1000004427
141,2,po1000006293
142,2,po1000004435
143,2,po1000004555
144,2,po1000004203
145,2,po1000006208
146,2,po1000004496
147,2,po1000004443
148,2,po1000004241
149,2,po1000008207
150,2,po1000004375
151,2,po1000004464
152,2,po1000004100
153,2,po1000004378
154,2,po1000004426
155,2,po1000006184
156,2,po1000004200
157,2,po1000008178
158,2,po1000008137
159,2,po1000008171
160,2,po1000006346
161,2,po1000007548
162,2,po1000002608
163,2,po1000002144
164,2,po1000002142
165,2,po1000002063
166,2,po1000007653
167,2,po1000004557
168,2,po1000004553
169,2,po1000006176
170,2,po1000004395
171,2,po1000007463
172,2,po1000008268
173,2,po1000004139
174,2,po1000004329
175,2,po1000008435
176,2,po1000007528
177,2,po1000004487
178,2,po1000004442
179,2,po1000007569
180,2,po1000009014
181,2,po1000006247
182,2,po1000008231
183,2,po1000004055
184,2,po1000004492
185,2,po1000000411
186,2,po1000001417
187,2,po1000000638
188,2,po1000004533
189,2,po1000005793
190,2,po1000007603
191,2,po1000004489
192,2,po1000004205
193,2,po1000004149
194,2,po1000004491
195,2,po1000004471
196,2,po1000004544
197,2,po1000004106
198,2,po1000008194
199,2,po1000007561
200,2,po1000004090
201,2,po1000006202
202,2,po1000004361
203,2,po1000008152
204,2,po1000007642
205,2,po1000004289
206,2,po1000004868
207,2,po1000004126
208,2,po1000004412
209,2,po1000004421
210,2,po1000004441
211,2,po1000004461
212,2,po1000004334
213,2,po1000006225
214,2,po1000007474
215,2,po1000004466
216,2,po1000004056
217,2,po1000007634
218,2,po1000004541
219,2,po1000004924
220,2,po1000005210
221,2,po1000007449
222,2,po1000006310
223,2,po1000007550
224,2,po1000004161
225,2,po1000004852
226,2,po1000004535
227,2,po1000004323
228,2,po1000004562
229,2,po1000007464
230,2,po1000001488
231,2,po1000000283
232,2,po1000006652
233,2,po1000007473
234,2,po1000004129
235,2,po1000004418
236,2,po1000004172
237,2,po1000008398
238,2,po1000004448
239,2,po1000004267
240,2,po1000008291
241,2,po1000004207
242,2,po1000007662
243,2,po1000004197
244,2,po1000004449
245,2,po1000005106
246,2,po1000004195
247,2,po1000004286
248,2,po1000004168
249,2,po1000004142
250,2,po1000004424
251,2,po1000008345
252,2,po1000004498
253,2,po1000004538
254,2,po1000008215
255,2,po1000004380
256,2,po1000004314
257,2,po1000004452
258,2,po1000004400
259,2,po1000004567
260,2,po1000004311
261,2,po1000004944
262,2,po1000004545
263,2,po1000004540
264,2,po1000004342
265,2,po1000000879
266,2,po1000001565
267,2,po1000004134
268,2,po1000004202
269,2,po1000002335
270,2,po1000004277
271,2,po1000004181
272,2,po1000004281
273,2,po1000004208
274,2,po1000003210
275,2,po1000002520
276,2,po1000004497
277,2,po1000004280
278,2,po1000004428
279,2,po1000004402
280,2,po1000005442
281,2,po1000004066
282,2,po1000004349
283,2,po1000005212
284,2,po1000008618
285,2,po1000004294
286,2,po1000004465
287,2,po1000004236
288,2,po1000004135
289,2,po1000008165
290,2,po1000008287
291,2,po1000004213
292,2,po1000004164
293,2,po1000004373
294,2,po1000004325
295,2,po1000007572
296,2,po1000004254
297,2,po1000004189
298,2,po1000007589
299,2,po1000004155
300,2,po1000004568
301,2,po1000005205
302,2,po1000004112
303,2,po1000007625
304,2,po1000008140
305,2,po1000004548
306,2,po1000005580
307,2,po1000004518
308,2,po1000006345
309,2,po1000004188
310,2,po1000004417
311,2,po1000008128
312,2,po1000004067
313,2,po1000004560
314,2,po1000004438
315,2,po1000004173
316,2,po1000004312
317,2,po1000008421
318,2,po1000004425
319,2,po1000004327
320,2,po1000004859
321,2,po1000004534
322,2,po1000004339
323,2,po1000004398
324,2,po1000004411
325,2,po1000008416
326,2,po1000000706
327,2,po1000000315
328,2,po1000000316
329,2,po1000001381
330,2,po1000004377
331,2,po1000000330
332,2,po1000000331
333,2,po1000004860
334,2,po1000004432
335,2,po1000004059
336,2,po1000004136
337,2,po1000008164
338,2,po1000004539
339,2,po1000004296
340,2,po1000004271
341,2,po1000004940
342,2,po1000004462
343,2,po1000004068
344,2,po1000001611
345,2,po1000001612
346,2,po1000001372
347,2,po1000000095
348,2,po1000000099
349,2,po1000001670
350,2,po1000001250
351,2,po1000001252
352,2,po1000000352
353,2,po1000000451
354,2,po1000001256
355,2,po1000007442
356,2,po1000004536
357,2,po1000004559
358,2,po1000004240
359,2,po1000004483
360,2,po1000004468
361,2,po1000004137
362,2,po1000008292
363,2,po1000005208
364,2,po1000005219
365,2,po1000004299
366,2,po1000006212
367,2,po1000006294
368,2,po1000006295
369,2,po1000004060
370,2,po1000006301
371,2,po1000004084
372,2,po1000004360
373,2,po1000004370
374,2,po1000004117
375,2,po1000004273
376,2,po1000004862
377,2,po1000004446
378,2,po1000004390
379,2,po1000008193
380,2,po1000004121
381,2,po1000004340
382,2,po1000003976
383,2,po1000004104
384,2,po1000004175
385,2,po1000004444
386,2,po1000008424
387,2,po1000008346
388,2,po1000005222
389,2,po1000001618
390,2,po1000004525
391,2,po1000007609
392,2,po1000004336
393,2,po1000004111
394,2,po1000008258
395,2,po1000004141
396,2,po1000004469
397,2,po1000004526
398,2,po1000004171
399,2,po1000004238
400,2,po1000006365
401,2,po1000007529
402,2,po1000004383
403,2,po1000008440
404,2,po1000008270
405,2,po1000006266
406,2,po1000007621
407,2,po1000000058
408,2,po1000001343
409,2,po1000002651
410,2,po1000002491
411,2,po1000002147
412,2,po1000000054
413,2,po1000006505
414,2,po1000002226
415,2,po1000002219
416,2,po1000002367
417,2,po1000000829
418,2,po1000000325
419,2,po1000000319
420,2,po1000000321
421,2,po1000000324
422,2,po1000000314
423,2,po1000000322
424,2,po1000000318
425,2,po1000001062
426,2,po1000001061
427,2,po1000001057
428,2,po1000001058
429,2,po1000001279
430,2,po1000001775
431,2,po1000001774
432,2,po1000001251
433,2,po1000004576
434,2,po1000004265
435,2,po1000004274
436,2,po1000004303
437,2,po1000004204
438,2,po1000008583
439,2,po1000002609
440,2,po1000003004
441,2,po1000002146
442,2,po1000006182
443,2,po1000007566
444,2,po1000005803
445,2,po1000004922
446,2,po1000004297
447,2,po1000004288
448,2,po1000002356
449,2,po1000004573
450,2,po1000007585
451,2,po1000001566
452,2,po1000006264
453,2,po1000003112
454,2,po1000001564
455,2,po1000004302
456,2,po1000004550
457,2,po1000004387
458,2,po1000004332
459,2,po1000000329
460,2,po1000001777
461,2,po1000008584
462,2,po1000004305
463,2,po1000008234
464,2,po1000005281
465,2,po1000000560
466,2,po1000004404
467,2,po1000004479
468,2,po1000004384
469,2,po1000000317
470,2,po1000008279
471,2,po1000004403
472,2,po1000004138
473,2,po1000004128
474,2,po1000008274
475,2,po1000004231
476,2,po1000000326
477,2,po1000006152
478,2,po1000004507
479,2,po1000004556
480,2,po1000000601
481,2,po1000000561
482,2,po1000010251
483,2,po1000007432
484,2,po1000004335
485,2,po1000004150
486,2,po1000006323
487,2,po1000003150
488,2,po1000000144
489,2,po1000003486
490,2,po1000004093
491,2,po1000004509
492,2,po1000004096
493,2,po1000008609
494,2,po1000008566
495,2,po1000006198
496,2,po1000004453
497,2,po1000000939
498,2,po1000002088
499,2,po1000004243
500,2,po1000008161
501,2,po1000002132
502,2,po1000004493
503,2,po1000010257
504,2,po1000008407
505,2,po1000008290
506,2,po1000009020
507,2,po1000010042
508,2,po1000001064
509,2,po1000001056
510,2,po1000007481
511,2,po1000004266
512,2,po1000004190
513,2,po1000004260
514,2,po1000007546
515,2,po1000006222
516,2,po1000004219
517,2,po1000004345
518,2,po1000006153
519,2,po1000008273
520,2,po1000007540
521,2,po1000004439
522,2,po1000008155
523,2,po1000008397
524,2,po1000007590
525,2,po1000007594
526,2,po1000008206
527,2,po1000004225
528,2,po1000007604
529,2,po1000007605
530,2,po1000006147
531,2,po1000006159
532,2,po1000005128
533,2,po1000008074
534,2,po1000008529
535,2,po1000006173
536,2,po1000004263
537,2,po1000004249
538,2,po1000004206
539,2,po1000008154
540,2,po1000002145
541,2,po1000008580
542,2,po1000008606
543,2,po1000008386
544,2,po1000008599
545,2,po1000008581
546,2,po1000007457
547,2,po1000008389
548,2,po1000007468
549,2,po1000004315
550,2,po1000007641
551,2,po1000001151
552,2,po1000006344
553,2,po1000007652
554,2,po1000006340
555,2,po1000004419
556,2,po1000007532
557,2,po1000000382
558,2,po1000008176
559,2,po1000001043
560,2,po1000008411
561,2,po1000006144
562,2,po1000002913
563,2,po1000009558
564,2,po1000008199
565,2,po1000008200
566,2,po1000004210
567,2,po1000004160
568,2,po1000009358
569,2,po1000008604
570,2,po1000008423
571,2,po1000007496
572,2,po1000002227
573,2,po1000008272
574,2,po1000004245
575,2,po1000008641
576,2,po1000008228
577,2,po1000008601
578,2,po1000007508
579,2,po1000010078
580,2,po1000008434
581,2,po1000008131
582,2,po1000004165
583,2,po1000008166
584,2,po1000007616
585,2,po1000008611
586,2,po1000007511
587,2,po1000004348
588,2,po1000004510
589,2,po1000001920
590,2,po1000008393
591,2,po1000008615
592,2,po1000004075
593,2,po1000007553
594,2,po1000007658
595,2,po1000000146
596,2,po1000006244
597,2,po1000007567
598,2,po1000008239
599,2,po1000004109
600,2,po1000007571
601,2,po1000008127
602,2,po1000004246
603,2,po1000001208
604,2,po1000006259
605,2,po1000007453
606,2,po1000004110
607,2,po1000000279
608,2,po1000008221
609,2,po1000008095
610,2,po1000004861
611,2,po1000007660
612,2,po1000008170
613,2,po1000004192
614,2,po1000008400
615,2,po1000004255
616,2,po1000007984
617,2,po1000008605
618,2,po1000008197
619,2,po1000008210
620,2,po1000008233
621,2,po1000001418
622,2,po1000004932
623,2,po1000007672
624,2,po1000001207
625,2,po1000004113
626,2,po1000007630
627,2,po1000008135
628,2,po1000008282
629,2,po1000008608
630,2,po1000004251
631,2,po1000007629
632,2,po1000010077
633,2,po1000010011
634,2,po1000008395
635,2,po1000004368
636,2,po1000008225
637,2,po1000007626
638,2,po1000000600
639,2,po1000001722
640,2,po1000004516
641,2,po1000008190
642,2,po1000004558
643,2,po1000004306
644,2,po1000008278
645,2,po1000007587
646,2,po1000007610
647,2,po1000008146
648,2,po1000006186
649,2,po1000007437
650,2,po1000007441
651,2,po1000004158
652,2,po1000007618
653,2,po1000010258
654,2,po1000004867
655,2,po1000008182
656,2,po1000008208
657,2,po1000007448
658,2,po1000008264
659,2,po1000007599
660,2,po1000006161
661,2,po1000007469
662,2,po1000004935
663,2,po1000004216
664,2,po1000004436
665,2,po1000004130
666,2,po1000008269
667,2,po1000006181
668,2,po1000002143
669,2,po1000009068
670,2,po1000004295
671,2,po1000008230
672,2,po1000008587
673,2,po1000008439
674,2,po1000004331
675,2,po1000008569
676,2,po1000007519
677,2,po1000007523
678,2,po1000000345
679,2,po1000004394
680,2,po1000008596
681,2,po1000004317
682,2,po1000006376
683,2,po1000004198
684,2,po1000008156
685,2,po1000001278
686,2,po1000008133
687,2,po1000008151
688,2,po1000000092
689,2,po1000001380
690,2,po1000002320
691,2,po1000008636
692,2,po1000006251
693,2,po1000008613
694,2,po1000006249
695,2,po1000008271
696,2,po1000008153
697,2,po1000008570
698,2,po1000004350
699,2,po1000006236
700,2,po1000001740
701,2,po1000008227
702,2,po1000009021
703,2,po1000010007
704,2,po1000008185
705,2,po1000002637
706,2,po1000004107
707,2,po1000008422
708,2,po1000006230
709,2,po1000006348
710,2,po1000004431
711,2,po1000004447
712,2,po1000001152
713,2,po1000004070
714,2,po1000000143
715,2,po1000009016
716,2,po1000007673
717,2,po1000007602
718,2,po1000008656
719,2,po1000004230
720,2,po1000002653
721,2,po1000006977
722,2,po1000004132
723,2,po1000008148
724,2,po1000004169
725,2,po1000006240
726,2,po1000008168
727,2,po1000004363
728,2,po1000005218
729,2,po1000004472
730,2,po1000008174
731,2,po1000006205
732,2,po1000000553
733,2,po1000004863
734,2,po1000007559
735,2,po1000004855
736,2,po1000004527
737,2,po1000004103
738,2,po1000008567
739,2,po1000009557
740,2,po1000006226
741,2,po1000004330
742,2,po1000000953
743,2,po1000004223
744,2,po1000000562
745,2,po1000004127
746,2,po1000004490
747,2,po1000008143
748,2,po1000004938
749,2,po1000006232
750,2,po1000004843
751,2,po1000007640
752,2,po1000001992
753,2,po1000008246
754,2,po1000004320
755,2,po1000000184
756,2,po1000007516
757,2,po1000004579
758,2,po1000004105
759,2,po1000004185
760,2,po1000007486
761,2,po1000004382
762,2,po1000000531
763,2,po1000007535
764,2,po1000004116
765,2,po1000004379
766,2,po1000004856
767,2,po1000004376
768,2,po1000006366
769,2,po1000004364
770,2,po1000006309
771,2,po1000007477
772,2,po1000008160
773,2,po1000002158
774,2,po1000004410
775,2,po1000004504
776,2,po1000004362
777,2,po1000004374
778,2,po1000004367
779,2,po1000007547
780,2,po1000004337
781,2,po1000004869
782,2,po1000004353
783,2,po1000007586
784,2,po1000008391
785,2,po1000007485
786,2,po1000006258
787,2,po1000007613
788,2,po1000008159
789,2,po1000007622
790,2,po1000004570
791,2,po1000004356
792,2,po1000004864
793,2,po1000007533
794,2,po1000008147
795,2,po1000004499
796,2,po1000002103
797,2,po1000004458
798,2,po1000010249
799,2,po1000004451
800,2,po1000006145
801,2,po1000008145
802,2,po1000010051
803,2,po1000004858
804,2,po1000010016
805,2,po1000008285
806,2,po1000010281
807,2,po1000010020
808,2,po1000009356
809,2,po1000010805
810,2,po1000010015
811,2,po1000009559
812,2,po1000002304
813,2,po1000002895
814,2,po1000003258
815,2,po1000004530
816,2,po1000004061
817,2,po1000004098
818,2,po1000004450
819,2,po1000004947
820,2,po1000005221
821,2,po1000006239
822,2,po1000006237
823,2,po1000007568
824,2,po1000008186
825,2,po1000005100
826,2,po1000007580
827,2,po1000010030
828,2,po1000006188
829,2,po1000010010
830,2,po1000010252
831,2,po1000008563
832,2,po1000006257
833,2,po1000008577
834,2,po1000008405
835,3,po1000004269
836,3,po1000008154
837,3,po1000007629
838,3,po1000004351
839,3,po1000007616
840,3,po1000004554
841,3,po1000004072
842,3,po1000008580
843,3,po1000006188
844,3,po1000008606
845,3,po1000008386
846,3,po1000008158
847,3,po1000001637
848,3,po1000004218
849,3,po1000007515
850,3,po1000004842
851,3,po1000004344
852,3,po1000004476
853,3,po1000004419
854,3,po1000007627
855,3,po1000004215
856,3,po1000004942
857,3,po1000004260
858,3,po1000004190
859,3,po1000004110
860,3,po1000007546
861,3,po1000006186
862,3,po1000007481
863,3,po1000004081
864,3,po1000007537
865,3,po1000004403
866,3,po1000004075
867,3,po1000004349
868,3,po1000006222
869,3,po1000008585
870,3,po1000004575
871,3,po1000007457
872,3,po1000004513
873,3,po1000004576
874,3,po1000008388
875,3,po1000008389
876,3,po1000007549
877,3,po1000007658
878,3,po1000008214
879,3,po1000004500
880,3,po1000008170
881,3,po1000004931
882,3,po1000008591
883,3,po1000004214
884,3,po1000004192
885,3,po1000007468
886,3,po1000004315
887,3,po1000004265
888,3,po1000006173
889,3,po1000008400
890,3,po1000004266
891,3,po1000008403
892,3,po1000007596
893,3,po1000004422
894,3,po1000006227
895,3,po1000004571
896,3,po1000004167
897,3,po1000004481
898,3,po1000004932
899,3,po1000004417
900,3,po1000004165
901,3,po1000008274
902,3,po1000004505
903,3,po1000004113
904,3,po1000004093
905,3,po1000004096
906,3,po1000004843
907,3,po1000004228
908,3,po1000004509
909,3,po1000004453
910,3,po1000006198
911,3,po1000008422
912,3,po1000005203
913,3,po1000008218
914,3,po1000006366
915,3,po1000000531
916,3,po1000001992
917,3,po1000004572
918,3,po1000000884
919,3,po1000004217
920,3,po1000004101
921,3,po1000004267
922,3,po1000004274
923,3,po1000007640
924,3,po1000005204
925,3,po1000001315
926,3,po1000008133
927,3,po1000008407
928,3,po1000005206
929,3,po1000007652
930,3,po1000004303
931,3,po1000007467
932,3,po1000004486
933,3,po1000007628
934,3,po1000004352
935,3,po1000008290
936,3,po1000004582
937,3,po1000004579
938,3,po1000008217
939,3,po1000010258
940,3,po1000006362
941,3,po1000004499
942,3,po1000007486
943,3,po1000004204
944,3,po1000004454
945,3,po1000004490
946,3,po1000004455
947,3,po1000008636
948,3,po1000004470
949,3,po1000008583
950,3,po1000001761
951,3,po1000008411
952,3,po1000008180
953,3,po1000007591
954,3,po1000004316
955,3,po1000003491
956,3,po1000001684
957,3,po1000004866
958,3,po1000004930
959,3,po1000001683
960,3,po1000008609
961,3,po1000004191
962,3,po1000008216
963,3,po1000009558
964,3,po1000010077
965,3,po1000007623
966,3,po1000008200
967,3,po1000004210
968,3,po1000008412
969,3,po1000008613
970,3,po1000002360
971,3,po1000004853
972,3,po1000001207
973,3,po1000004158
974,3,po1000000058
975,3,po1000004358
976,3,po1000009068
977,3,po1000001208
978,3,po1000008599
979,3,po1000004934
980,3,po1000007462
981,3,po1000004160
982,3,po1000004307
983,3,po1000004313
984,3,po1000004546
985,3,po1000009358
986,3,po1000008184
987,3,po1000008132
988,3,po1000008202
989,3,po1000003257
990,3,po1000002304
991,3,po1000003120
992,3,po1000004270
993,3,po1000004111
994,3,po1000008423
995,3,po1000004353
996,3,po1000006249
997,3,po1000007511
998,3,po1000007496
999,3,po1000004085
1000,3,po1000004078
1001,3,po1000004284
1002,3,po1000004116
1003,3,po1000008581
1004,3,po1000004852
1005,3,po1000004090
1006,3,po1000004064
1007,3,po1000007609
1008,3,po1000000939
1009,3,po1000002037
1010,3,po1000000354
1011,3,po1000002088
1012,3,po1000008273
1013,3,po1000004198
1014,3,po1000004162
1015,3,po1000004491
1016,3,po1000004205
1017,3,po1000004471
1018,3,po1000004149
1019,3,po1000004489
1020,3,po1000010042
1021,3,po1000004544
1022,3,po1000004511
1023,3,po1000004321
1024,3,po1000004495
1025,3,po1000008151
1026,3,po1000007443
1027,3,po1000008272
1028,3,po1000007648
1029,3,po1000004234
1030,3,po1000004865
1031,3,po1000004070
1032,3,po1000006156
1033,3,po1000006230
1034,3,po1000004102
1035,3,po1000005145
1036,3,po1000004103
1037,3,po1000008383
1038,3,po1000008271
1039,3,po1000008264
1040,3,po1000008641
1041,3,po1000008153
1042,3,po1000004565
1043,3,po1000004330
1044,3,po1000007571
1045,3,po1000008601
1046,3,po1000004362
1047,3,po1000004374
1048,3,po1000004869
1049,3,po1000004382
1050,3,po1000004367
1051,3,po1000004504
1052,3,po1000007533
1053,3,po1000008138
1054,3,po1000001740
1055,3,po1000008197
1056,3,po1000007508
1057,3,po1000004458
1058,3,po1000010020
1059,3,po1000008570
1060,3,po1000010078
1061,3,po1000003782
1062,3,po1000001631
1063,3,po1000001154
1064,3,po1000006977
1065,3,po1000001344
1066,3,po1000002863
1067,3,po1000004656
1068,3,po1000001638
1069,3,po1000004655
1070,3,po1000007626
1071,3,po1000001345
1072,3,po1000007602
1073,3,po1000001156
1074,3,po1000002198
1075,3,po1000001064
1076,3,po1000001722
1077,3,po1000001150
1078,3,po1000001155
1079,3,po1000001343
1080,3,po1000004132
1081,3,po1000001152
1082,3,po1000001151
1083,3,po1000001920
1084,3,po1000002320
1085,3,po1000004177
1086,3,po1000009356
1087,3,po1000003333
1088,3,po1000002677
1089,3,po1000004850
1090,3,po1000002676
1091,3,po1000008343
1092,3,po1000004456
1093,3,po1000004291
1094,3,po1000004309
1095,3,po1000005202
1096,3,po1000007541
1097,3,po1000006328
1098,3,po1000008224
1099,3,po1000004427
1100,3,po1000006293
1101,3,po1000008131
1102,3,po1000004435
1103,3,po1000008166
1104,3,po1000004320
1105,3,po1000004555
1106,3,po1000006348
1107,3,po1000004203
1108,3,po1000006208
1109,3,po1000006236
1110,3,po1000004496
1111,3,po1000004241
1112,3,po1000004443
1113,3,po1000008611
1114,3,po1000008207
1115,3,po1000006184
1116,3,po1000007547
1117,3,po1000004375
1118,3,po1000004447
1119,3,po1000004337
1120,3,po1000004864
1121,3,po1000004530
1122,3,po1000004464
1123,3,po1000004426
1124,3,po1000004169
1125,3,po1000004451
1126,3,po1000004100
1127,3,po1000004378
1128,3,po1000008178
1129,3,po1000008171
1130,3,po1000008137
1131,3,po1000004200
1132,3,po1000006346
1133,3,po1000002651
1134,3,po1000002227
1135,3,po1000002653
1136,3,po1000006258
1137,3,po1000002158
1138,3,po1000007613
1139,3,po1000004376
1140,3,po1000007548
1141,3,po1000006145
1142,3,po1000008143
1143,3,po1000004348
1144,3,po1000002608
1145,3,po1000002146
1146,3,po1000002145
1147,3,po1000000382
1148,3,po1000002913
1149,3,po1000000279
1150,3,po1000002063
1151,3,po1000002144
1152,3,po1000002491
1153,3,po1000002609
1154,3,po1000003004
1155,3,po1000002147
1156,3,po1000000345
1157,3,po1000002143
1158,3,po1000002142
1159,3,po1000004867
1160,3,po1000008156
1161,3,po1000008393
1162,3,po1000007653
1163,3,po1000004557
1164,3,po1000004553
1165,3,po1000008233
1166,3,po1000004395
1167,3,po1000006176
1168,3,po1000007463
1169,3,po1000008615
1170,3,po1000007618
1171,3,po1000003258
1172,3,po1000008268
1173,3,po1000006182
1174,3,po1000007553
1175,3,po1000010805
1176,3,po1000004139
1177,3,po1000008435
1178,3,po1000006309
1179,3,po1000004516
1180,3,po1000007569
1181,3,po1000007528
1182,3,po1000007566
1183,3,po1000008279
1184,3,po1000004487
1185,3,po1000004442
1186,3,po1000004858
1187,3,po1000004295
1188,3,po1000006247
1189,3,po1000010074
1190,3,po1000008567
1191,3,po1000008231
1192,3,po1000009021
1193,3,po1000008149
1194,3,po1000004231
1195,3,po1000005221
1196,3,po1000004947
1197,3,po1000004055
1198,3,po1000008228
1199,3,po1000004492
1200,3,po1000005803
1201,3,po1000001418
1202,3,po1000000411
1203,3,po1000001417
1204,3,po1000000638
1205,3,po1000004533
1206,3,po1000007603
1207,3,po1000005793
1208,3,po1000008095
1209,3,po1000004306
1210,3,po1000009559
1211,3,po1000004106
1212,3,po1000008194
1213,3,po1000007561
1214,3,po1000007567
1215,3,po1000006202
1216,3,po1000008239
1217,3,po1000004109
1218,3,po1000004361
1219,3,po1000008152
1220,3,po1000008291
1221,3,po1000007642
1222,3,po1000004441
1223,3,po1000004868
1224,3,po1000004126
1225,3,po1000004922
1226,3,po1000004289
1227,3,po1000004421
1228,3,po1000004412
1229,3,po1000004461
1230,3,po1000006225
1231,3,po1000004466
1232,3,po1000007474
1233,3,po1000008397
1234,3,po1000004439
1235,3,po1000004056
1236,3,po1000007634
1237,3,po1000004510
1238,3,po1000006244
1239,3,po1000004541
1240,3,po1000004345
1241,3,po1000004924
1242,3,po1000004246
1243,3,po1000005210
1244,3,po1000007453
1245,3,po1000007449
1246,3,po1000004937
1247,3,po1000006310
1248,3,po1000010010
1249,3,po1000004297
1250,3,po1000004161
1251,3,po1000004334
1252,3,po1000004535
1253,3,po1000004323
1254,3,po1000004288
1255,3,po1000006344
1256,3,po1000004562
1257,3,po1000007464
1258,3,po1000004570
1259,3,po1000006652
1260,3,po1000000283
1261,3,po1000001488
1262,3,po1000008221
1263,3,po1000010251
1264,3,po1000009020
1265,3,po1000007473
1266,3,po1000004172
1267,3,po1000004418
1268,3,po1000004129
1269,3,po1000007660
1270,3,po1000008398
1271,3,po1000004448
1272,3,po1000002356
1273,3,po1000004356
1274,3,po1000000054
1275,3,po1000000092
1276,3,po1000007437
1277,3,po1000004255
1278,3,po1000004207
1279,3,po1000009355
1280,3,po1000008605
1281,3,po1000007662
1282,3,po1000004197
1283,3,po1000004449
1284,3,po1000005106
1285,3,po1000008160
1286,3,po1000007672
1287,3,po1000004286
1288,3,po1000004195
1289,3,po1000004168
1290,3,po1000004142
1291,3,po1000004424
1292,3,po1000006150
1293,3,po1000009557
1294,3,po1000008176
1295,3,po1000008345
1296,3,po1000010016
1297,3,po1000004498
1298,3,po1000004538
1299,3,po1000007535
1300,3,po1000007540
1301,3,po1000008215
1302,3,po1000004318
1303,3,po1000004380
1304,3,po1000001960
1305,3,po1000004314
1306,3,po1000004452
1307,3,po1000004400
1308,3,po1000008155
1309,3,po1000004938
1310,3,po1000007532
1311,3,po1000008135
1312,3,po1000000560
1313,3,po1000004493
1314,3,po1000004311
1315,3,po1000004567
1316,3,po1000004573
1317,3,po1000007585
1318,3,po1000004545
1319,3,po1000004944
1320,3,po1000004540
1321,3,po1000001564
1322,3,po1000001566
1323,3,po1000003112
1324,3,po1000001565
1325,3,po1000000879
1326,3,po1000004342
1327,3,po1000006264
1328,3,po1000004208
1329,3,po1000004280
1330,3,po1000002520
1331,3,po1000002335
1332,3,po1000004181
1333,3,po1000004277
1334,3,po1000004428
1335,3,po1000004497
1336,3,po1000004281
1337,3,po1000004202
1338,3,po1000004134
1339,3,po1000003210
1340,3,po1000004331
1341,3,po1000007559
1342,3,po1000006147
1343,3,po1000008074
1344,3,po1000004225
1345,3,po1000008529
1346,3,po1000005128
1347,3,po1000004402
1348,3,po1000007605
1349,3,po1000004206
1350,3,po1000004219
1351,3,po1000006159
1352,3,po1000008199
1353,3,po1000005442
1354,3,po1000004855
1355,3,po1000004863
1356,3,po1000007477
1357,3,po1000006240
1358,3,po1000006340
1359,3,po1000006237
1360,3,po1000006239
1361,3,po1000008124
1362,3,po1000008380
1363,3,po1000008210
1364,3,po1000004350
1365,3,po1000007586
1366,3,po1000008159
1367,3,po1000004066
1368,3,po1000008578
1369,3,po1000008227
1370,3,po1000005212
1371,3,po1000008282
1372,3,po1000007587
1373,3,po1000008608
1374,3,po1000008618
1375,3,po1000006153
1376,3,po1000004294
1377,3,po1000004465
1378,3,po1000004236
1379,3,po1000004135
1380,3,po1000004302
1381,3,po1000002226
1382,3,po1000002219
1383,3,po1000007516
1384,3,po1000002367
1385,3,po1000004515
1386,3,po1000004077
1387,3,po1000004133
1388,3,po1000008165
1389,3,po1000006152
1390,3,po1000008287
1391,3,po1000004213
1392,3,po1000008148
1393,3,po1000010011
1394,3,po1000011186
1395,3,po1000004373
1396,3,po1000004164
1397,3,po1000006232
1398,3,po1000004856
1399,3,po1000008395
1400,3,po1000004527
1401,3,po1000004325
1402,3,po1000006161
1403,3,po1000008174
1404,3,po1000007572
1405,3,po1000004254
1406,3,po1000004189
1407,3,po1000004550
1408,3,po1000000143
1409,3,po1000004368
1410,3,po1000007590
1411,3,po1000007589
1412,3,po1000004155
1413,3,po1000004568
1414,3,po1000008225
1415,3,po1000005205
1416,3,po1000004112
1417,3,po1000007625
1418,3,po1000008140
1419,3,po1000004387
1420,3,po1000006205
1421,3,po1000010945
1422,3,po1000004548
1423,3,po1000005580
1424,3,po1000006365
1425,3,po1000004518
1426,3,po1000006210
1427,3,po1000004128
1428,3,po1000004138
1429,3,po1000006345
1430,3,po1000004188
1431,3,po1000007673
1432,3,po1000006226
1433,3,po1000007594
1434,3,po1000008566
1435,3,po1000004364
1436,3,po1000008190
1437,3,po1000004558
1438,3,po1000008128
1439,3,po1000004067
1440,3,po1000004560
1441,3,po1000004438
1442,3,po1000008206
1443,3,po1000004173
1444,3,po1000004312
1445,3,po1000008421
1446,3,po1000010252
1447,3,po1000008278
1448,3,po1000004230
1449,3,po1000004425
1450,3,po1000004327
1451,3,po1000004859
1452,3,po1000004534
1453,3,po1000004332
1454,3,po1000004339
1455,3,po1000004398
1456,3,po1000004411
1457,3,po1000008146
1458,3,po1000008416
1459,3,po1000000706
1460,3,po1000000314
1461,3,po1000000322
1462,3,po1000007604
1463,3,po1000000315
1464,3,po1000004377
1465,3,po1000000330
1466,3,po1000000321
1467,3,po1000000331
1468,3,po1000000317
1469,3,po1000000326
1470,3,po1000001381
1471,3,po1000000829
1472,3,po1000000325
1473,3,po1000000316
1474,3,po1000000324
1475,3,po1000000318
1476,3,po1000001380
1477,3,po1000000329
1478,3,po1000000319
1479,3,po1000004860
1480,3,po1000004432
1481,3,po1000004059
1482,3,po1000004136
1483,3,po1000007441
1484,3,po1000004539
1485,3,po1000008164
1486,3,po1000004488
1487,3,po1000010007
1488,3,po1000004296
1489,3,po1000004271
1490,3,po1000004940
1491,3,po1000001056
1492,3,po1000001057
1493,3,po1000001058
1494,3,po1000001611
1495,3,po1000001612
1496,3,po1000001061
1497,3,po1000004068
1498,3,po1000001372
1499,3,po1000008577
1500,3,po1000004379
1501,3,po1000000099
1502,3,po1000000095
1503,3,po1000001670
1504,3,po1000004127
1505,3,po1000001279
1506,3,po1000001278
1507,3,po1000001252
1508,3,po1000001251
1509,3,po1000001777
1510,3,po1000001256
1511,3,po1000000451
1512,3,po1000001250
1513,3,po1000000352
1514,3,po1000001774
1515,3,po1000001775
1516,3,po1000004861
1517,3,po1000008604
1518,3,po1000008607
1519,3,po1000007442
1520,3,po1000008182
1521,3,po1000008208
1522,3,po1000004251
1523,3,po1000007448
1524,3,po1000004536
1525,3,po1000004559
1526,3,po1000010030
1527,3,po1000004240
1528,3,po1000004483
1529,3,po1000004431
1530,3,po1000004462
1531,3,po1000004329
1532,3,po1000004468
1533,3,po1000004137
1534,3,po1000008168
1535,3,po1000008292
1536,3,po1000005208
1537,3,po1000008434
1538,3,po1000007485
1539,3,po1000007630
1540,3,po1000005218
1541,3,po1000006259
1542,3,po1000004436
1543,3,po1000005219
1544,3,po1000002637
1545,3,po1000004216
1546,3,po1000007469
1547,3,po1000004299
1548,3,po1000010015
1549,3,po1000006212
1550,3,po1000008579
1551,3,po1000006294
1552,3,po1000007610
1553,3,po1000004060
1554,3,po1000006295
1555,3,po1000006301
1556,3,po1000004082
1557,3,po1000004130
1558,3,po1000004084
1559,3,po1000004360
1560,3,po1000008269
1561,3,po1000008584
1562,3,po1000006181
1563,3,po1000004098
1564,3,po1000007641
1565,3,po1000004370
1566,3,po1000008230
1567,3,po1000008587
1568,3,po1000004263
1569,3,po1000004273
1570,3,po1000004117
1571,3,po1000006144
1572,3,po1000004446
1573,3,po1000004390
1574,3,po1000004862
1575,3,po1000008193
1576,3,po1000009019
1577,3,po1000004285
1578,3,po1000004249
1579,3,po1000009561
1580,3,po1000004410
1581,3,po1000004363
1582,3,po1000004121
1583,3,po1000003976
1584,3,po1000004340
1585,3,po1000008185
1586,3,po1000004104
1587,3,po1000007622
1588,3,po1000004175
1589,3,po1000004472
1590,3,po1000004185
1591,3,po1000004105
1592,3,po1000004450
1593,3,po1000004057
1594,3,po1000008569
1595,3,po1000006251
1596,3,po1000004305
1597,3,po1000008234
1598,3,po1000004444
1599,3,po1000007519
1600,3,po1000004107
1601,3,po1000006266
1602,3,po1000001618
1603,3,po1000005222
1604,3,po1000008346
1605,3,po1000008424
1606,3,po1000004525
1607,3,po1000007599
1608,3,po1000000553
1609,3,po1000007523
1610,3,po1000008391
1611,3,po1000008439
1612,3,po1000004336
1613,3,po1000008258
1614,3,po1000004141
1615,3,po1000004469
1616,3,po1000004526
1617,3,po1000004238
1618,3,po1000004171
1619,3,po1000004394
1620,3,po1000007529
1621,3,po1000008596
1622,3,po1000004317
1623,3,po1000006376
1624,3,po1000004383
1625,3,po1000008440
1626,3,po1000004479
1627,3,po1000004507
1628,3,po1000000144
1629,3,po1000001043
1630,3,po1000000146
1631,3,po1000004384
1632,3,po1000008161
1633,3,po1000000601
1634,3,po1000004404
1635,3,po1000005281
1636,3,po1000004556
1637,3,po1000002132
1638,3,po1000004150
1639,3,po1000006323
1640,3,po1000003486
1641,3,po1000003150
1642,3,po1000000600
1643,3,po1000000953
1644,3,po1000000561
1645,3,po1000007984
1646,3,po1000007432
1647,3,po1000004243
1648,3,po1000000562
1649,3,po1000010815
1650,3,po1000004335
1651,3,po1000004223
1652,3,po1000008270
1653,3,po1000008246
1654,3,po1000007621
1655,4,po1000006152
1656,4,po1000008529
1657,4,po1000004198
1658,4,po1000010052
1659,4,po1000000021
1660,4,po1000008397
1661,4,po1000010258
1662,4,po1000010805
1663,4,po1000008585
1664,4,po1000010815
1665,4,po1000004162
1666,4,po1000010011
1667,4,po1000010882
1668,4,po1000007648
1669,4,po1000000148
1670,4,po1000002142
1671,4,po1000004315
1672,4,po1000008268
1673,4,po1000007629
1674,4,po1000004394
1675,4,po1000004417
1676,4,po1000007638
1677,4,po1000001920
1678,4,po1000004056
1679,4,po1000009356
1680,4,po1000003497
1681,4,po1000010012
1682,4,po1000004868
1683,4,po1000004210
1684,4,po1000004175
1685,4,po1000007509
1686,4,po1000004139
1687,4,po1000008135
1688,4,po1000004236
1689,4,po1000006231
1690,4,po1000008596
1691,4,po1000004317
1692,4,po1000006340
1693,4,po1000006240
1694,4,po1000006239
1695,4,po1000006237
1696,4,po1000008434
1697,4,po1000001058
1698,4,po1000001372
1699,4,po1000001057
1700,4,po1000001062
1701,4,po1000001777
1702,4,po1000004927
1703,4,po1000004948
1704,4,po1000003112
1705,4,po1000000095
1706,4,po1000001417
1707,4,po1000000953
1708,4,po1000002143
1709,4,po1000002608
1710,4,po1000002147
1711,4,po1000003004
1712,4,po1000002607
1713,4,po1000000345
1714,4,po1000002491
1715,4,po1000004929
1716,4,po1000005128
1717,4,po1000004402
1718,4,po1000002913
1719,4,po1000002609
1720,4,po1000002145
1721,4,po1000002144
1722,4,po1000002146
1723,4,po1000001315
1724,4,po1000001043
1725,4,po1000002132
1726,4,po1000000279
1727,4,po1000000561
1728,4,po1000000146
1729,4,po1000003150
1730,4,po1000005281
1731,4,po1000000144
1732,4,po1000000560
1733,4,po1000001566
1734,4,po1000001565
1735,4,po1000004477
1736,4,po1000002063
1737,4,po1000003486
1738,4,po1000000600
1739,4,po1000000562
1740,4,po1000010802
1741,4,po1000010795
1742,4,po1000010796
1743,4,po1000007453
1744,4,po1000002037
1745,4,po1000011196
1746,4,po1000004284
1747,5,po1000008154
1748,5,po1000006259
1749,5,po1000004102
1750,5,po1000004351
1751,5,po1000010257
1752,5,po1000004497
1753,5,po1000004493
1754,5,po1000001252
1755,5,po1000002145
1756,5,po1000001564
1757,5,po1000006247
1758,5,po1000001566
1759,5,po1000004461
1760,5,po1000004246
1761,5,po1000001565
1762,5,po1000004554
1763,5,po1000008156
1764,5,po1000007528
1765,5,po1000004072
1766,5,po1000008580
1767,5,po1000004243
1768,5,po1000004507
1769,5,po1000004556
1770,5,po1000010047
1771,5,po1000008215
1772,5,po1000010802
1773,5,po1000010882
1774,5,po1000004858
1775,5,po1000008606
1776,5,po1000000601
1777,5,po1000004093
1778,5,po1000008386
1779,5,po1000008158
1780,5,po1000010815
1781,5,po1000000092
1782,5,po1000004218
1783,5,po1000004365
1784,5,po1000004280
1785,5,po1000004202
1786,5,po1000010056
1787,5,po1000004194
1788,5,po1000004308
1789,5,po1000000326
1790,5,po1000004295
1791,5,po1000006295
1792,5,po1000005202
1793,5,po1000004842
1794,5,po1000010811
1795,5,po1000000325
1796,5,po1000000329
1797,5,po1000008585
1798,5,po1000004557
1799,5,po1000004575
1800,5,po1000007457
1801,5,po1000004513
1802,5,po1000004576
1803,5,po1000008388
1804,5,po1000007549
1805,5,po1000008214
1806,5,po1000008279
1807,5,po1000007468
1808,5,po1000010791
1809,5,po1000004267
1810,5,po1000010028
1811,5,po1000008615
1812,5,po1000000451
1813,5,po1000004274
1814,5,po1000008171
1815,5,po1000008663
1816,5,po1000007640
1817,5,po1000008664
1818,5,po1000007641
1819,5,po1000000054
1820,5,po1000001151
1821,5,po1000004070
1822,5,po1000008407
1823,5,po1000000324
1824,5,po1000007477
1825,5,po1000003782
1826,5,po1000006344
1827,5,po1000005206
1828,5,po1000008151
1829,5,po1000001488
1830,5,po1000004134
1831,5,po1000004533
1832,5,po1000010012
1833,5,po1000001380
1834,5,po1000006340
1835,5,po1000004303
1836,5,po1000008292
1837,5,po1000004482
1838,5,po1000007481
1839,5,po1000004419
1840,5,po1000004864
1841,5,po1000004360
1842,5,po1000000530
1843,5,po1000004352
1844,5,po1000008290
1845,5,po1000004375
1846,5,po1000004488
1847,5,po1000004582
1848,5,po1000000706
1849,5,po1000007642
1850,5,po1000004096
1851,5,po1000007485
1852,5,po1000008147
1853,5,po1000004946
1854,5,po1000004499
1855,5,po1000000021
1856,5,po1000007486
1857,5,po1000004204
1858,5,po1000000107
1859,5,po1000004454
1860,5,po1000002320
1861,5,po1000000095
1862,5,po1000008176
1863,5,po1000001761
1864,5,po1000006188
1865,5,po1000008636
1866,5,po1000004316
1867,5,po1000000953
1868,5,po1000008583
1869,5,po1000004403
1870,5,po1000004335
1871,5,po1000004572
1872,5,po1000004868
1873,5,po1000001611
1874,5,po1000001043
1875,5,po1000008411
1876,5,po1000004865
1877,5,po1000006251
1878,5,po1000004191
1879,5,po1000004056
1880,5,po1000006144
1881,5,po1000001279
1882,5,po1000002913
1883,5,po1000009558
1884,5,po1000008199
1885,5,po1000007623
1886,5,po1000007537
1887,5,po1000008412
1888,5,po1000008613
1889,5,po1000008153
1890,5,po1000007621
1891,5,po1000004160
1892,5,po1000000553
1893,5,po1000004307
1894,5,po1000004313
1895,5,po1000004546
1896,5,po1000004427
1897,5,po1000004318
1898,5,po1000008132
1899,5,po1000005210
1900,5,po1000004153
1901,5,po1000004425
1902,5,po1000004362
1903,5,po1000004374
1904,5,po1000004367
1905,5,po1000006208
1906,5,po1000008423
1907,5,po1000004353
1908,5,po1000006249
1909,5,po1000004311
1910,5,po1000004443
1911,5,po1000007496
1912,5,po1000008161
1913,5,po1000002132
1914,5,po1000004175
1915,5,po1000004155
1916,5,po1000004127
1917,5,po1000004291
1918,5,po1000002037
1919,5,po1000000939
1920,5,po1000000950
1921,5,po1000002088
1922,5,po1000004484
1923,5,po1000008273
1924,5,po1000004198
1925,5,po1000007443
1926,5,po1000008582
1927,5,po1000004491
1928,5,po1000007648
1929,5,po1000004398
1930,5,po1000004422
1931,5,po1000004490
1932,5,po1000004162
1933,5,po1000008193
1934,5,po1000010262
1935,5,po1000009019
1936,5,po1000008383
1937,5,po1000010014
1938,5,po1000008346
1939,5,po1000008271
1940,5,po1000008641
1941,5,po1000004565
1942,5,po1000008228
1943,5,po1000004121
1944,5,po1000005222
1945,5,po1000004190
1946,5,po1000008601
1947,5,po1000008138
1948,5,po1000004570
1949,5,po1000007508
1950,5,po1000010039
1951,5,po1000010078
1952,5,po1000008434
1953,5,po1000007509
1954,5,po1000004526
1955,5,po1000008277
1956,5,po1000007541
1957,5,po1000006328
1958,5,po1000002356
1959,5,po1000006505
1960,5,po1000000319
1961,5,po1000010249
1962,5,po1000002609
1963,5,po1000002608
1964,5,po1000004350
1965,5,po1000008131
1966,5,po1000009580
1967,5,po1000004165
1968,5,po1000004176
1969,5,po1000004511
1970,5,po1000001154
1971,5,po1000006264
1972,5,po1000004487
1973,5,po1000004320
1974,5,po1000004203
1975,5,po1000004260
1976,5,po1000006236
1977,5,po1000004496
1978,5,po1000008611
1979,5,po1000008207
1980,5,po1000007511
1981,5,po1000007515
1982,5,po1000010793
1983,5,po1000004294
1984,5,po1000004286
1985,5,po1000006145
1986,5,po1000008143
1987,5,po1000004128
1988,5,po1000004348
1989,5,po1000004259
1990,5,po1000004852
1991,5,po1000004085
1992,5,po1000007524
1993,5,po1000005793
1994,5,po1000001920
1995,5,po1000004315
1996,5,po1000006984
1997,5,po1000008393
1998,5,po1000004504
1999,5,po1000007653
2000,5,po1000004553
2001,5,po1000001344
2002,5,po1000001740
2003,5,po1000005155
2004,5,po1000004195
2005,5,po1000007463
2006,5,po1000004163
2007,5,po1000006294
2008,5,po1000008268
2009,5,po1000006225
2010,5,po1000008133
2011,5,po1000004065
2012,5,po1000004539
2013,5,po1000005208
2014,5,po1000006182
2015,5,po1000004150
2016,5,po1000008180
2017,5,po1000004075
2018,5,po1000007546
2019,5,po1000004126
2020,5,po1000008619
2021,5,po1000004289
2022,5,po1000004139
2023,5,po1000004329
2024,5,po1000004571
2025,5,po1000008287
2026,5,po1000006977
2027,5,po1000007553
2028,5,po1000004341
2029,5,po1000008345
2030,5,po1000004853
2031,5,po1000007658
2032,5,po1000008227
2033,5,po1000001638
2034,5,po1000009014
2035,5,po1000004205
2036,5,po1000005204
2037,5,po1000000561
2038,5,po1000007569
2039,5,po1000003491
2040,5,po1000004245
2041,5,po1000000144
2042,5,po1000006323
2043,5,po1000008567
2044,5,po1000009021
2045,5,po1000008149
2046,5,po1000010794
2047,5,po1000001060
2048,5,po1000006246
2049,5,po1000006244
2050,5,po1000000184
2051,5,po1000004509
2052,5,po1000004309
2053,5,po1000008185
2054,5,po1000008272
2055,5,po1000004285
2056,5,po1000004489
2057,5,po1000004655
2058,5,po1000009559
2059,5,po1000004106
2060,5,po1000007561
2061,5,po1000007638
2062,5,po1000000315
2063,5,po1000001775
2064,5,po1000004197
2065,5,po1000007474
2066,5,po1000008392
2067,5,po1000004090
2068,5,po1000004475
2069,5,po1000001150
2070,5,po1000007567
2071,5,po1000004492
2072,5,po1000006202
2073,5,po1000001345
2074,5,po1000008285
2075,5,po1000001372
2076,5,po1000006348
2077,5,po1000008239
2078,5,po1000008218
2079,5,po1000004239
2080,5,po1000001057
2081,5,po1000008269
2082,5,po1000011195
2083,5,po1000008152
2084,5,po1000008578
2085,5,po1000010051
2086,5,po1000004078
2087,5,po1000004219
2088,5,po1000002653
2089,5,po1000009557
2090,5,po1000004334
2091,5,po1000004844
2092,5,po1000004541
2093,5,po1000004345
2094,5,po1000000411
2095,5,po1000000330
2096,5,po1000007628
2097,5,po1000001208
2098,5,po1000001256
2099,5,po1000004514
2100,5,po1000004281
2101,5,po1000004438
2102,5,po1000007449
2103,5,po1000006310
2104,5,po1000004297
2105,5,po1000004100
2106,5,po1000004466
2107,5,po1000004060
2108,5,po1000007613
2109,5,po1000003150
2110,5,po1000006346
2111,5,po1000004161
2112,5,po1000004470
2113,5,po1000007453
2114,5,po1000007462
2115,5,po1000004288
2116,5,po1000004389
2117,5,po1000003497
2118,5,po1000004377
2119,5,po1000004327
2120,5,po1000004562
2121,5,po1000004942
2122,5,po1000004110
2123,5,po1000007464
2124,5,po1000004323
2125,5,po1000004390
2126,5,po1000007467
2127,5,po1000001631
2128,5,po1000004107
2129,5,po1000010251
2130,5,po1000001278
2131,5,po1000008164
2132,5,po1000008095
2133,5,po1000004861
2134,5,po1000009020
2135,5,po1000007473
2136,5,po1000004418
2137,5,po1000004337
2138,5,po1000008396
2139,5,po1000007660
2140,5,po1000008398
2141,5,po1000007396
2142,5,po1000004223
2143,5,po1000000829
2144,5,po1000008400
2145,5,po1000004255
2146,5,po1000007984
2147,5,po1000004373
2148,5,po1000004207
2149,5,po1000009355
2150,5,po1000008605
2151,5,po1000001061
2152,5,po1000004449
2153,5,po1000008160
2154,5,po1000002651
2155,5,po1000004380
2156,5,po1000001250
2157,5,po1000004271
2158,5,po1000002147
2159,5,po1000003004
2160,5,po1000008197
2161,5,po1000008210
2162,5,po1000008233
2163,5,po1000001417
2164,5,po1000004544
2165,5,po1000004356
2166,5,po1000004863
2167,5,po1000008589
2168,5,po1000004296
2169,5,po1000004944
2170,5,po1000001207
2171,5,po1000008417
2172,5,po1000004486
2173,5,po1000004452
2174,5,po1000010796
2175,5,po1000010016
2176,5,po1000004498
2177,5,po1000004538
2178,5,po1000008145
2179,5,po1000007535
2180,5,po1000006268
2181,5,po1000008581
2182,5,po1000004451
2183,5,po1000004383
2184,5,po1000001612
2185,5,po1000000283
2186,5,po1000010065
2187,5,po1000010064
2188,5,po1000008159
2189,5,po1000005100
2190,5,po1000004361
2191,5,po1000004378
2192,5,po1000004113
2193,5,po1000008623
2194,5,po1000004277
2195,5,po1000007548
2196,5,po1000008234
2197,5,po1000001637
2198,5,po1000004066
2199,5,po1000002863
2200,5,po1000000314
2201,5,po1000000600
2202,5,po1000004866
2203,5,po1000004446
2204,5,po1000008421
2205,5,po1000002063
2206,5,po1000002198
2207,5,po1000004253
2208,5,po1000007630
2209,5,po1000000143
2210,5,po1000004302
2211,5,po1000008135
2212,5,po1000007622
2213,5,po1000008422
2214,5,po1000000099
2215,5,po1000004548
2216,5,po1000008282
2217,5,po1000010069
2218,5,po1000008608
2219,5,po1000008184
2220,5,po1000006176
2221,5,po1000006153
2222,5,po1000004236
2223,5,po1000000560
2224,5,po1000007559
2225,5,po1000004325
2226,5,po1000007629
2227,5,po1000007523
2228,5,po1000004462
2229,5,po1000010077
2230,5,po1000008165
2231,5,po1000010052
2232,5,po1000004125
2233,5,po1000010010
2234,5,po1000004068
2235,5,po1000004439
2236,5,po1000010011
2237,5,po1000003783
2238,5,po1000004934
2239,5,po1000007568
2240,5,po1000002335
2241,5,po1000004567
2242,5,po1000002676
2243,5,po1000008395
2244,5,po1000004527
2245,5,po1000007572
2246,5,po1000001062
2247,5,po1000004342
2248,5,po1000010048
2249,5,po1000009356
2250,5,po1000000320
2251,5,po1000004189
2252,5,po1000004550
2253,5,po1000007580
2254,5,po1000008397
2255,5,po1000004412
2256,5,po1000004368
2257,5,po1000004376
2258,5,po1000007586
2259,5,po1000003486
2260,5,po1000007448
2261,5,po1000008225
2262,5,po1000002360
2263,5,po1000007591
2264,5,po1000004410
2265,5,po1000004112
2266,5,po1000007625
2267,5,po1000007672
2268,5,po1000006230
2269,5,po1000004387
2270,5,po1000000531
2271,5,po1000006205
2272,5,po1000007626
2273,5,po1000004382
2274,5,po1000004238
2275,5,po1000001058
2276,5,po1000006345
2277,5,po1000004284
2278,5,po1000004214
2279,5,po1000004188
2280,5,po1000003976
2281,5,po1000006226
2282,5,po1000007594
2283,5,po1000007596
2284,5,po1000008566
2285,5,po1000002103
2286,5,po1000004516
2287,5,po1000004441
2288,5,po1000004417
2289,5,po1000007627
2290,5,po1000004545
2291,5,po1000009567
2292,5,po1000004558
2293,5,po1000008128
2294,5,po1000008405
2295,5,po1000004067
2296,5,po1000004560
2297,5,po1000004862
2298,5,po1000004540
2299,5,po1000007602
2300,5,po1000004129
2301,5,po1000008206
2302,5,po1000004312
2303,5,po1000004555
2304,5,po1000004448
2305,5,po1000007603
2306,5,po1000004157
2307,5,po1000004117
2308,5,po1000004225
2309,5,po1000007604
2310,5,po1000007605
2311,5,po1000006147
2312,5,po1000008186
2313,5,po1000004370
2314,5,po1000001251
2315,5,po1000000879
2316,5,po1000004563
2317,5,po1000006159
2318,5,po1000002637
2319,5,po1000005128
2320,5,po1000008074
2321,5,po1000005205
2322,5,po1000004535
2323,5,po1000007600
2324,5,po1000004172
2325,5,po1000004447
2326,5,po1000003120
2327,5,po1000007609
2328,5,po1000008656
2329,5,po1000004230
2330,5,po1000006156
2331,5,po1000007587
2332,5,po1000007610
2333,5,po1000004137
2334,5,po1000004534
2335,5,po1000004332
2336,6,po1000006152
2337,6,po1000008279
2338,6,po1000008224
2339,6,po1000004435
2340,6,po1000007569
2341,6,po1000004255
2342,6,po1000004476
2343,6,po1000004344
2344,6,po1000004500
2345,6,po1000004571
2346,6,po1000004167
2347,6,po1000008422
2348,6,po1000004217
2349,6,po1000004940
2350,6,po1000006225
2351,6,po1000007474
2352,6,po1000008193
2353,6,po1000009019
2354,6,po1000004285
2355,6,po1000008171
2356,6,po1000004200
2357,6,po1000007566
2358,6,po1000005803
2359,6,po1000008152
2360,6,po1000008291
2361,6,po1000004412
2362,6,po1000004922
2363,6,po1000004161
2364,6,po1000000706
2365,6,po1000004288
2366,6,po1000000283
2367,6,po1000004172
2368,6,po1000007660
2369,6,po1000004356
2370,6,po1000001315
2371,6,po1000004314
2372,6,po1000004213
2373,6,po1000004295
2374,6,po1000004576
2375,6,po1000004557
2376,6,po1000004274
2377,6,po1000004303
2378,6,po1000004204
2379,6,po1000008583
2380,6,po1000004546
2381,6,po1000004203
2382,6,po1000006182
2383,6,po1000004126
2384,6,po1000004289
2385,6,po1000008239
2386,6,po1000004345
2387,6,po1000004297
2388,6,po1000007662
2389,6,po1000005145
2390,6,po1000004302
2391,6,po1000004294
2392,6,po1000007625
2393,6,po1000004312
2394,6,po1000004137
2395,6,po1000004332
2396,6,po1000004296
2397,6,po1000004271
2398,6,po1000004265
2399,6,po1000004240
2400,6,po1000008584
2401,6,po1000004305
2402,6,po1000004311
2403,6,po1000004567
2404,6,po1000004573
2405,6,po1000007585
2406,6,po1000004944
2407,6,po1000004545
2408,6,po1000004540
2409,6,po1000001564
2410,6,po1000001566
2411,6,po1000001565
2412,6,po1000006264
2413,6,po1000004342
2414,6,po1000000879
2415,6,po1000003112
2416,6,po1000004497
2417,6,po1000004280
2418,6,po1000004202
2419,6,po1000004181
2420,6,po1000004134
2421,6,po1000003210
2422,6,po1000004281
2423,6,po1000002520
2424,6,po1000004277
2425,6,po1000002335
2426,6,po1000004208
2427,6,po1000004155
2428,6,po1000002608
2429,6,po1000002609
2430,6,po1000002144
2431,6,po1000004550
2432,6,po1000004273
2433,6,po1000004488
2434,6,po1000010007
2435,6,po1000000451
2436,6,po1000001775
2437,6,po1000001256
2438,6,po1000001251
2439,6,po1000001777
2440,6,po1000001774
2441,6,po1000000352
2442,6,po1000004483
2443,6,po1000004329
2444,6,po1000008234
2445,6,po1000007553
2446,6,po1000005302
2447,6,po1000001684
2448,6,po1000007549
2449,6,po1000001683
2450,6,po1000004930
2451,6,po1000004116
2452,6,po1000004510
2453,6,po1000008581
2454,6,po1000007648
2455,6,po1000002676
2456,6,po1000002677
2457,6,po1000008095
2458,6,po1000007634
2459,6,po1000004931
2460,6,po1000000321
2461,6,po1000004192
2462,6,po1000008170
2463,6,po1000008591
2464,6,po1000006188
2465,6,po1000004861
2466,6,po1000004214
2467,6,po1000008405
2468,6,po1000001618
2469,6,po1000002913
2470,6,po1000000279
2471,6,po1000003004
2472,6,po1000008155
2473,6,po1000002063
2474,6,po1000004351
2475,6,po1000002143
2476,6,po1000006173
2477,6,po1000002146
2478,6,po1000002142
2479,6,po1000000345
2480,6,po1000002491
2481,6,po1000008154
2482,6,po1000004461
2483,6,po1000008215
2484,6,po1000008606
2485,6,po1000008386
2486,6,po1000007457
2487,6,po1000008389
2488,6,po1000007468
2489,6,po1000007641
2490,6,po1000007652
2491,6,po1000007481
2492,6,po1000004419
2493,6,po1000004860
2494,6,po1000008290
2495,6,po1000008176
2496,6,po1000004403
2497,6,po1000004081
2498,6,po1000006144
2499,6,po1000008216
2500,6,po1000009558
2501,6,po1000008200
2502,6,po1000007537
2503,6,po1000008412
2504,6,po1000004313
2505,6,po1000008273
2506,6,po1000004266
2507,6,po1000004422
2508,6,po1000004190
2509,6,po1000007508
2510,6,po1000005202
2511,6,po1000006328
2512,6,po1000008131
2513,6,po1000004165
2514,6,po1000004260
2515,6,po1000004496
2516,6,po1000008611
2517,6,po1000004315
2518,6,po1000008393
2519,6,po1000007653
2520,6,po1000004195
2521,6,po1000008268
2522,6,po1000008180
2523,6,po1000007546
2524,6,po1000004075
2525,6,po1000008636
2526,6,po1000004487
2527,6,po1000003491
2528,6,po1000007567
2529,6,po1000004246
2530,6,po1000004470
2531,6,po1000004110
2532,6,po1000007464
2533,6,po1000008400
2534,6,po1000008605
2535,6,po1000004449
2536,6,po1000008197
2537,6,po1000004932
2538,6,po1000004538
2539,6,po1000004383
2540,6,po1000004349
2541,6,po1000008608
2542,6,po1000006176
2543,6,po1000008618
2544,6,po1000007559
2545,6,po1000001488
2546,6,po1000004456
2547,6,po1000007589
2548,6,po1000004112
2549,6,po1000007596
2550,6,po1000004441
2551,6,po1000004417
2552,6,po1000008421
2553,6,po1000004334
2554,6,po1000004866
2555,6,po1000005106
2556,6,po1000006186
2557,6,po1000001960
2558,6,po1000007616
2559,6,po1000007441
2560,6,po1000008137
2561,6,po1000007618
2562,6,po1000008182
2563,6,po1000008208
2564,6,po1000004210
2565,6,po1000004130
2566,6,po1000004360
2567,6,po1000008269
2568,6,po1000006181
2569,6,po1000004395
2570,6,po1000008230
2571,6,po1000004269
2572,6,po1000004859
2573,6,po1000004432
2574,6,po1000007519
2575,6,po1000004394
2576,6,po1000006161
2577,6,po1000006376
2578,6,po1000004198
2579,6,po1000007604
2580,6,po1000007605
2581,6,po1000004402
2582,6,po1000004206
2583,6,po1000008074
2584,6,po1000005128
2585,6,po1000006147
2586,6,po1000004225
2587,6,po1000008529
2588,6,po1000008231
2589,6,po1000007541
2590,6,po1000004444
2591,6,po1000007540
2592,6,po1000008282
2593,6,po1000009557
2594,6,po1000007591
2595,6,po1000004231
2596,6,po1000001372
2597,6,po1000004160
2598,6,po1000002637
2599,6,po1000004216
2600,6,po1000006259
2601,6,po1000007630
2602,6,po1000007571
2603,6,po1000004436
2604,6,po1000008567
2605,6,po1000002145
2606,6,po1000004370
2607,6,po1000004119
2608,6,po1000004462
2609,6,po1000000322
2610,6,po1000000314
2611,6,po1000000318
2612,6,po1000001381
2613,6,po1000006340
2614,6,po1000000324
2615,6,po1000000829
2616,6,po1000000319
2617,6,po1000006226
2618,6,po1000004103
2619,6,po1000000058
2620,6,po1000009068
2621,6,po1000004059
2622,6,po1000004535
2623,6,po1000000884
2624,6,po1000004101
2625,6,po1000004454
2626,6,po1000008178
2627,6,po1000008345
2628,6,po1000004452
2629,6,po1000004498
2630,6,po1000006212
2631,6,po1000000382
2632,6,po1000002147
2633,6,po1000008202
2634,6,po1000008407
2635,6,po1000007628
2636,6,po1000008199
2637,6,po1000008604
2638,6,po1000004111
2639,6,po1000006208
2640,6,po1000004175
2641,6,po1000004491
2642,6,po1000008601
2643,6,po1000008138
2644,6,po1000004471
2645,6,po1000008166
2646,6,po1000007515
2647,6,po1000004852
2648,6,po1000004489
2649,6,po1000008194
2650,6,po1000004090
2651,6,po1000004239
2652,6,po1000004219
2653,6,po1000004465
2654,6,po1000004377
2655,6,po1000004323
2656,6,po1000008221
2657,6,po1000004863
2658,6,po1000010016
2659,6,po1000004548
2660,6,po1000004439
2661,6,po1000010011
2662,6,po1000004856
2663,6,po1000008395
2664,6,po1000007590
2665,6,po1000008225
2666,6,po1000004505
2667,6,po1000008403
2668,6,po1000004516
2669,6,po1000006159
2670,6,po1000007523
2671,6,po1000005580
2672,6,po1000010042
2673,6,po1000007672
2674,6,po1000008278
2675,6,po1000008146
2676,6,po1000007629
2677,6,po1000004428
2678,6,po1000007448
2679,6,po1000004468
2680,6,po1000008587
2681,6,po1000006222
2682,6,po1000004518
2683,6,po1000006652
2684,6,po1000004331
2685,6,po1000004317
2686,6,po1000001151
2687,6,po1000002320
2688,6,po1000001154
2689,6,po1000001920
2690,6,po1000006977
2691,6,po1000007602
2692,6,po1000001156
2693,6,po1000004132
2694,6,po1000001152
2695,6,po1000008156
2696,6,po1000008151
2697,6,po1000006251
2698,6,po1000008613
2699,6,po1000008153
2700,6,po1000004350
2701,6,po1000006236
2702,6,po1000001740
2703,6,po1000008133
2704,6,po1000008271
2705,6,po1000009021
2706,6,po1000008185
2707,6,po1000006310
2708,6,po1000004107
2709,6,po1000000354
2710,6,po1000000939
2711,6,po1000002088
2712,6,po1000002037
2713,6,po1000004934
2714,6,po1000006230
2715,6,po1000008128
2716,6,po1000007599
2717,6,po1000008569
2718,6,po1000006266
2719,6,po1000007627
2720,6,po1000004935
2721,6,po1000004853
2722,6,po1000001208
2723,6,po1000001207
2724,6,po1000002360
2725,6,po1000008599
2726,6,po1000007658
2727,6,po1000004458
2728,6,po1000008397
2729,6,po1000000315
2730,6,po1000009356
2731,6,po1000007673
2732,6,po1000004135
2733,6,po1000004942
2734,6,po1000000092
2735,6,po1000008158
2736,6,po1000007496
2737,6,po1000004188
2738,6,po1000008206
2739,6,po1000004230
2740,6,po1000008174
2741,6,po1000007594
2742,6,po1000004078
2743,6,po1000008164
2744,6,po1000008168
2745,6,po1000005793
2746,6,po1000004533
2747,6,po1000003782
2748,6,po1000004358
2749,6,po1000005218
2750,6,po1000001418
2751,6,po1000004421
2752,6,po1000000326
2753,6,po1000000317
2754,6,po1000000330
2755,6,po1000004267
2756,6,po1000007548
2757,6,po1000007437
2758,6,po1000004168
2759,6,po1000004327
2760,6,po1000004424
2761,6,po1000008287
2762,6,po1000006205
2763,6,po1000004418
2764,6,po1000004400
2765,6,po1000006184
2766,6,po1000004249
2767,6,po1000000411
2768,6,po1000001417
2769,6,po1000005442
2770,6,po1000003333
2771,6,po1000004306
2772,6,po1000001064
2773,6,po1000001344
2774,6,po1000001150
2775,6,po1000001345
2776,6,po1000001057
2777,6,po1000001061
2778,6,po1000002863
2779,6,po1000001062
2780,6,po1000001058
2781,6,po1000001722
2782,6,po1000001056
2783,6,po1000004128
2784,6,po1000006153
2785,6,po1000004117
2786,6,po1000007463
2787,6,po1000004263
2788,6,po1000004138
2789,6,po1000004655
2790,6,po1000002198
2791,6,po1000001155
2792,6,po1000004656
2793,6,po1000006301
2794,6,po1000001611
2795,6,po1000008429
2796,6,po1000004068
2797,6,po1000001252
2798,6,po1000004582
2799,6,po1000008217
2800,6,po1000004270
2801,6,po1000008641
2802,6,po1000004286
2803,6,po1000004348
2804,6,po1000004553
2805,6,po1000006247
2806,6,po1000006202
2807,6,po1000004541
2808,6,po1000004924
2809,6,po1000004562
2810,6,po1000007473
2811,6,po1000008398
2812,6,po1000004197
2813,6,po1000001250
2814,6,po1000004492
2815,6,po1000008165
2816,6,po1000007572
2817,6,po1000004558
2818,6,po1000004560
2819,6,po1000004299
2820,6,po1000004339
2821,6,po1000004336
2822,6,po1000008258
2823,6,po1000007529
2824,6,po1000001761
2825,6,po1000001638
2826,6,po1000001631
2827,6,po1000001612
2828,6,po1000001637
2829,6,po1000007626
2830,6,po1000001343
2831,6,po1000007528
2832,6,po1000008580
2833,6,po1000006344
2834,6,po1000005206
2835,6,po1000006150
2836,6,po1000008411
2837,6,po1000008132
2838,6,po1000005210
2839,6,po1000008423
2840,6,po1000008228
2841,6,po1000004121
2842,6,po1000004064
2843,6,po1000008435
2844,6,po1000004055
2845,6,po1000007561
2846,6,po1000004380
2847,6,po1000004207
2848,6,po1000008233
2849,6,po1000004361
2850,6,po1000004938
2851,6,po1000010077
2852,6,po1000004254
2853,6,po1000004368
2854,6,po1000008566
2855,6,po1000006156
2856,6,po1000005205
2857,6,po1000007587
2858,6,po1000006362
2859,6,po1000004136
2860,6,po1000004867
2861,6,po1000004084
2862,6,po1000004072
2863,6,po1000006365
2864,6,po1000001992
2865,6,po1000004215
2866,6,po1000004375
2867,6,po1000004464
2868,6,po1000004426
2869,6,po1000004378
2870,6,po1000004100
2871,6,po1000004447
2872,6,po1000004855
2873,6,po1000001279
2874,6,po1000001278
2875,6,po1000002356
2876,6,po1000000054
2877,6,po1000007532
2878,6,po1000008140
2879,6,po1000007511
2880,6,po1000004455
2881,6,po1000004056
2882,6,po1000007469
2883,6,po1000005281
2884,6,po1000000560
2885,6,po1000004404
2886,6,po1000004479
2887,6,po1000004384
2888,6,po1000004425
2889,6,po1000004398
2890,6,po1000004241
2891,6,po1000008274
2892,6,po1000004164
2893,6,po1000004438
2894,6,po1000004142
2895,6,po1000004411
2896,6,po1000010074
2897,6,po1000001670
2898,6,po1000007550
2899,6,po1000000316
2900,6,po1000004868
2901,6,po1000004139
2902,6,po1000004177
2903,6,po1000004236
2904,6,po1000004067
2905,6,po1000008343
2906,6,po1000004102
2907,6,po1000004493
2908,6,po1000004539
2909,6,po1000004554
2910,6,po1000004243
2911,6,po1000004507
2912,6,po1000004556
2913,6,po1000004858
2914,6,po1000007432
2915,6,po1000004218
2916,6,po1000000601
2917,6,po1000006293
2918,6,po1000006295
2919,6,po1000004340
2920,6,po1000004842
2921,6,po1000004575
2922,6,po1000004513
2923,6,po1000008388
2924,6,po1000008214
2925,6,po1000004572
2926,6,po1000004469
2927,6,po1000004234
2928,6,po1000008292
2929,6,po1000004864
2930,6,po1000004352
2931,6,po1000007642
2932,6,po1000007485
2933,6,po1000004499
2934,6,po1000004335
2935,6,po1000001043
2936,6,po1000004865
2937,6,po1000008609
2938,6,po1000007623
2939,6,po1000000553
2940,6,po1000004307
2941,6,po1000004427
2942,6,po1000004318
2943,6,po1000004362
2944,6,po1000004374
2945,6,po1000004367
2946,6,po1000004443
2947,6,po1000004085
2948,6,po1000008161
2949,6,po1000002132
2950,6,po1000004291
2951,6,po1000007443
2952,6,po1000008424
2953,6,po1000000095
2954,6,po1000004245
2955,6,po1000008346
2956,6,po1000004565
2957,6,po1000004448
2958,6,po1000005222
2959,6,po1000004525
2960,6,po1000004526
2961,6,po1000002226
2962,6,po1000004511
2963,6,po1000004171
2964,6,po1000008207
2965,6,po1000008143
2966,6,po1000002651
2967,6,po1000004504
2968,6,po1000006294
2969,6,po1000005208
2970,6,po1000004150
2971,6,po1000004850
2972,6,po1000005204
2973,6,po1000000561
2974,6,po1000000146
2975,6,po1000006323
2976,6,po1000004106
2977,6,po1000004205
2978,6,po1000000325
2979,6,po1000004316
2980,6,po1000004320
2981,6,po1000008285
2982,6,po1000004410
2983,6,po1000007449
2984,6,po1000004060
2985,6,po1000003150
2986,6,po1000007462
2987,6,po1000007467
2988,6,po1000000144
2989,6,po1000007984
2990,6,po1000004373
2991,6,po1000004544
2992,6,po1000008184
2993,6,po1000004486
2994,6,po1000004451
2995,6,po1000004869
2996,6,po1000004066
2997,6,po1000004162
2998,6,po1000000099
2999,6,po1000004325
3000,6,po1000004309
3001,6,po1000004363
3002,6,po1000004527
3003,6,po1000004189
3004,6,po1000004466
3005,6,po1000003486
3006,6,po1000000329
3007,6,po1000002227
3008,6,po1000004238
3009,6,po1000006345
3010,6,po1000004284
3011,6,po1000003976
3012,6,po1000000600
3013,6,po1000007603
3014,6,po1000008190
3015,6,po1000004862
3016,6,po1000004129
3017,6,po1000004173
3018,6,po1000004555
3019,6,po1000000638
3020,6,po1000007609
3021,6,po1000004534
3022,6,po1000002653
3023,6,po1000008416
3024,6,po1000004495
3025,6,po1000007621
3026,6,po1000004149
3027,6,po1000004387
3028,6,po1000004568
3029,6,po1000004228
3030,6,po1000007442
3031,6,po1000004169
3032,6,po1000004536
3033,6,po1000004559
3034,6,po1000004070
3035,6,po1000004481
3036,6,po1000004321
3037,6,po1000000331
3038,6,po1000005212
3039,6,po1000004446
3040,6,po1000004390
3041,6,po1000004104
3042,6,po1000005219
3043,6,po1000004382
3044,6,po1000002367
3045,6,po1000004141
3046,6,po1000007533
3047,6,po1000008440
3048,6,po1000008270
3049,6,po1000010281
3050,6,po1000004442
3051,6,po1000008148
3052,6,po1000008246
3053,6,po1000002219
3054,6,po1000007610
3055,6,po1000007535
3056,6,po1000006240
3057,6,po1000008227
3058,6,po1000004330
3059,6,po1000010251
3060,6,po1000007453
3061,6,po1000000953
3062,6,po1000004223
3063,6,po1000000562
3064,6,po1000004127
3065,6,po1000004490
3066,6,po1000008434
3067,6,po1000008135
3068,6,po1000010258
3069,6,po1000006232
3070,6,po1000008596
3071,6,po1000004093
3072,6,po1000004843
3073,6,po1000007640
3074,6,po1000008570
3075,6,po1000006257
3076,6,po1000007547
3077,6,po1000004579
3078,6,po1000004570
3079,6,po1000004472
3080,6,po1000004185
3081,6,po1000000184
3082,6,po1000007516
3083,6,po1000004105
3084,6,po1000007486
3085,6,po1000004158
3086,6,po1000000531
3087,6,po1000004379
3088,6,po1000004376
3089,6,po1000006366
3090,6,po1000006346
3091,6,po1000004109
3092,6,po1000004364
3093,6,po1000006309
3094,6,po1000007477
3095,6,po1000008160
3096,6,po1000002158
3097,6,po1000004337
3098,6,po1000004353
3099,6,po1000007586
3100,6,po1000008391
3101,6,po1000006258
3102,6,po1000007613
3103,6,po1000008210
3104,6,po1000008159
3105,6,po1000001380
3106,6,po1000008439
3107,6,po1000007622
3108,6,po1000008272
3109,6,po1000008615
3110,6,po1000004453
3111,6,po1000008147
3112,6,po1000006249
3113,6,po1000008149
3114,6,po1000008218
3115,6,po1000006244
3116,6,po1000010249
3117,6,po1000010078
3118,6,po1000006145
3119,6,po1000008577
3120,6,po1000000143
3121,6,po1000008579
3122,6,po1000004191
3123,6,po1000004509
3124,6,po1000006198
3125,6,po1000002103
3126,6,po1000008145
3127,6,po1000010051
3128,6,po1000004515
3129,6,po1000004096
3130,6,po1000007466
3131,6,po1000004065
3132,6,po1000004450
3133,6,po1000004133
3134,6,po1000004925
3135,6,po1000004082
3136,6,po1000004530
3137,6,po1000009020
3138,6,po1000004431
3139,6,po1000004113
3140,6,po1000008264
3141,6,po1000004251
3142,6,po1000010012
3143,6,po1000000512
3144,6,po1000010805
3145,6,po1000010020
3146,6,po1000006348
3147,6,po1000009016
3148,6,po1000008656
3149,6,po1000010030
3150,6,po1000006239
3151,6,po1000010015
3152,6,po1000006237
3153,6,po1000009355
3154,6,po1000008585
3155,6,po1000009559
3156,6,po1000003258
3157,6,po1000002304
3158,6,po1000004061
3159,6,po1000004098
3160,6,po1000004947
3161,6,po1000005221
3162,7,po1000008154
3163,7,po1000004102
3164,7,po1000004351
3165,7,po1000004497
3166,7,po1000001252
3167,7,po1000002145
3168,7,po1000001564
3169,7,po1000006247
3170,7,po1000001566
3171,7,po1000004461
3172,7,po1000004246
3173,7,po1000001565
3174,7,po1000004554
3175,7,po1000007528
3176,7,po1000004072
3177,7,po1000008580
3178,7,po1000004243
3179,7,po1000004507
3180,7,po1000004556
3181,7,po1000008215
3182,7,po1000008606
3183,7,po1000000601
3184,7,po1000008386
3185,7,po1000008158
3186,7,po1000002130
3187,7,po1000004218
3188,7,po1000004365
3189,7,po1000004280
3190,7,po1000004078
3191,7,po1000004202
3192,7,po1000000326
3193,7,po1000004295
3194,7,po1000006295
3195,7,po1000008597
3196,7,po1000004842
3197,7,po1000000329
3198,7,po1000004557
3199,7,po1000004575
3200,7,po1000007457
3201,7,po1000004513
3202,7,po1000004576
3203,7,po1000008388
3204,7,po1000007549
3205,7,po1000008214
3206,7,po1000004252
3207,7,po1000007468
3208,7,po1000004509
3209,7,po1000002219
3210,7,po1000004572
3211,7,po1000004479
3212,7,po1000010028
3213,7,po1000000451
3214,7,po1000004274
3215,7,po1000008171
3216,7,po1000007641
3217,7,po1000000054
3218,7,po1000001151
3219,7,po1000004070
3220,7,po1000008407
3221,7,po1000000324
3222,7,po1000004234
3223,7,po1000007477
3224,7,po1000003782
3225,7,po1000006344
3226,7,po1000005206
3227,7,po1000001488
3228,7,po1000004533
3229,7,po1000001380
3230,7,po1000006340
3231,7,po1000004303
3232,7,po1000004306
3233,7,po1000004482
3234,7,po1000007481
3235,7,po1000004419
3236,7,po1000004360
3237,7,po1000000530
3238,7,po1000004352
3239,7,po1000008290
3240,7,po1000004375
3241,7,po1000004488
3242,7,po1000004582
3243,7,po1000000706
3244,7,po1000007642
3245,7,po1000007485
3246,7,po1000004579
3247,7,po1000004285
3248,7,po1000000021
3249,7,po1000007486
3250,7,po1000004204
3251,7,po1000000107
3252,7,po1000004454
3253,7,po1000000095
3254,7,po1000008176
3255,7,po1000001761
3256,7,po1000008636
3257,7,po1000008583
3258,7,po1000007637
3259,7,po1000004403
3260,7,po1000004868
3261,7,po1000001611
3262,7,po1000001043
3263,7,po1000008411
3264,7,po1000004865
3265,7,po1000004191
3266,7,po1000004056
3267,7,po1000006144
3268,7,po1000002913
3269,7,po1000008199
3270,7,po1000007623
3271,7,po1000007537
3272,7,po1000004164
3273,7,po1000007621
3274,7,po1000004160
3275,7,po1000004307
3276,7,po1000004313
3277,7,po1000004546
3278,7,po1000004427
3279,7,po1000004318
3280,7,po1000008132
3281,7,po1000005210
3282,7,po1000004153
3283,7,po1000004425
3284,7,po1000004362
3285,7,po1000004374
3286,7,po1000004367
3287,7,po1000006208
3288,7,po1000008423
3289,7,po1000004353
3290,7,po1000004311
3291,7,po1000004443
3292,7,po1000007496
3293,7,po1000008161
3294,7,po1000002132
3295,7,po1000004175
3296,7,po1000004155
3297,7,po1000004291
3298,7,po1000002037
3299,7,po1000000939
3300,7,po1000000950
3301,7,po1000002088
3302,7,po1000004484
3303,7,po1000008273
3304,7,po1000004198
3305,7,po1000002227
3306,7,po1000007443
3307,7,po1000004491
3308,7,po1000007648
3309,7,po1000004398
3310,7,po1000004422
3311,7,po1000004490
3312,7,po1000008193
3313,7,po1000008383
3314,7,po1000008346
3315,7,po1000008641
3316,7,po1000004565
3317,7,po1000008228
3318,7,po1000004121
3319,7,po1000005222
3320,7,po1000004190
3321,7,po1000008138
3322,7,po1000004064
3323,7,po1000007508
3324,7,po1000007509
3325,7,po1000004526
3326,7,po1000007541
3327,7,po1000006328
3328,7,po1000002356
3329,7,po1000000319
3330,7,po1000004508
3331,7,po1000002159
3332,7,po1000002226
3333,7,po1000002609
3334,7,po1000002608
3335,7,po1000004350
3336,7,po1000009580
3337,7,po1000004165
3338,7,po1000004176
3339,7,po1000004511
3340,7,po1000001154
3341,7,po1000006264
3342,7,po1000004487
3343,7,po1000004320
3344,7,po1000004203
3345,7,po1000004260
3346,7,po1000004496
3347,7,po1000008207
3348,7,po1000007515
3349,7,po1000004294
3350,7,po1000004286
3351,7,po1000004128
3352,7,po1000004348
3353,7,po1000004259
3354,7,po1000004852
3355,7,po1000004085
3356,7,po1000007524
3357,7,po1000005793
3358,7,po1000001920
3359,7,po1000004315
3360,7,po1000006984
3361,7,po1000004504
3362,7,po1000007653
3363,7,po1000004553
3364,7,po1000001344
3365,7,po1000004195
3366,7,po1000007463
3367,7,po1000004163
3368,7,po1000006294
3369,7,po1000008268
3370,7,po1000006225
3371,7,po1000006182
3372,7,po1000004150
3373,7,po1000004431
3374,7,po1000008180
3375,7,po1000004075
3376,7,po1000007546
3377,7,po1000004850
3378,7,po1000004126
3379,7,po1000004289
3380,7,po1000004139
3381,7,po1000004329
3382,7,po1000004571
3383,7,po1000008287
3384,7,po1000008274
3385,7,po1000007553
3386,7,po1000005155
3387,7,po1000006366
3388,7,po1000010064
3389,7,po1000004341
3390,7,po1000008345
3391,7,po1000004853
3392,7,po1000007658
3393,7,po1000008227
3394,7,po1000001638
3395,7,po1000005204
3396,7,po1000000561
3397,7,po1000004428
3398,7,po1000004245
3399,7,po1000000146
3400,7,po1000008567
3401,7,po1000008231
3402,7,po1000010794
3403,7,po1000001060
3404,7,po1000000184
3405,7,po1000004309
3406,7,po1000004489
3407,7,po1000004655
3408,7,po1000004106
3409,7,po1000006150
3410,7,po1000004205
3411,7,po1000000315
3412,7,po1000004316
3413,7,po1000001775
3414,7,po1000004197
3415,7,po1000007474
3416,7,po1000008392
3417,7,po1000004090
3418,7,po1000001150
3419,7,po1000007567
3420,7,po1000004492
3421,7,po1000006202
3422,7,po1000001345
3423,7,po1000001372
3424,7,po1000008239
3425,7,po1000004239
3426,7,po1000008269
3427,7,po1000008152
3428,7,po1000004219
3429,7,po1000002653
3430,7,po1000004334
3431,7,po1000004844
3432,7,po1000004541
3433,7,po1000004345
3434,7,po1000001381
3435,7,po1000000411
3436,7,po1000000330
3437,7,po1000007628
3438,7,po1000001208
3439,7,po1000001256
3440,7,po1000004514
3441,7,po1000004281
3442,7,po1000004438
3443,7,po1000007449
3444,7,po1000004297
3445,7,po1000004100
3446,7,po1000004060
3447,7,po1000007613
3448,7,po1000004444
3449,7,po1000006346
3450,7,po1000004161
3451,7,po1000004470
3452,7,po1000007462
3453,7,po1000004288
3454,7,po1000004389
3455,7,po1000003497
3456,7,po1000004377
3457,7,po1000004327
3458,7,po1000004562
3459,7,po1000004942
3460,7,po1000004110
3461,7,po1000007464
3462,7,po1000004323
3463,7,po1000007467
3464,7,po1000001631
3465,7,po1000010249
3466,7,po1000004107
3467,7,po1000008164
3468,7,po1000007473
3469,7,po1000004418
3470,7,po1000004337
3471,7,po1000008396
3472,7,po1000007660
3473,7,po1000008226
3474,7,po1000004255
3475,7,po1000000144
3476,7,po1000002676
3477,7,po1000004373
3478,7,po1000004207
3479,7,po1000008605
3480,7,po1000001061
3481,7,po1000008160
3482,7,po1000002651
3483,7,po1000001250
3484,7,po1000002147
3485,7,po1000003004
3486,7,po1000008197
3487,7,po1000008210
3488,7,po1000008233
3489,7,po1000001417
3490,7,po1000001418
3491,7,po1000004544
3492,7,po1000008589
3493,7,po1000004296
3494,7,po1000004944
3495,7,po1000001207
3496,7,po1000004486
3497,7,po1000004452
3498,7,po1000004498
3499,7,po1000004538
3500,7,po1000007535
3501,7,po1000007540
3502,7,po1000006268
3503,7,po1000004383
3504,7,po1000001612
3505,7,po1000000283
3506,7,po1000008159
3507,7,po1000004361
3508,7,po1000004378
3509,7,po1000004277
3510,7,po1000007548
3511,7,po1000008234
3512,7,po1000004869
3513,7,po1000001637
3514,7,po1000004066
3515,7,po1000002863
3516,7,po1000004866
3517,7,po1000004162
3518,7,po1000008155
3519,7,po1000002063
3520,7,po1000007630
3521,7,po1000010024
3522,7,po1000004302
3523,7,po1000007622
3524,7,po1000004167
3525,7,po1000008422
3526,7,po1000000099
3527,7,po1000004548
3528,7,po1000008282
3529,7,po1000008608
3530,7,po1000008184
3531,7,po1000006176
3532,7,po1000006153
3533,7,po1000004236
3534,7,po1000000560
3535,7,po1000004325
3536,7,po1000007523
3537,7,po1000004462
3538,7,po1000008165
3539,7,po1000004125
3540,7,po1000004439
3541,7,po1000008615
3542,7,po1000004213
3543,7,po1000004934
3544,7,po1000002335
3545,7,po1000004567
3546,7,po1000004856
3547,7,po1000008395
3548,7,po1000004527
3549,7,po1000001062
3550,7,po1000000320
3551,7,po1000004189
3552,7,po1000004550
3553,7,po1000004412
3554,7,po1000004368
3555,7,po1000004376
3556,7,po1000007586
3557,7,po1000003486
3558,7,po1000007448
3559,7,po1000008225
3560,7,po1000002360
3561,7,po1000007591
3562,7,po1000004112
3563,7,po1000008140
3564,7,po1000004387
3565,7,po1000000531
3566,7,po1000004132
3567,7,po1000004382
3568,7,po1000004238
3569,7,po1000001058
3570,7,po1000006345
3571,7,po1000004284
3572,7,po1000004214
3573,7,po1000004188
3574,7,po1000007673
3575,7,po1000003976
3576,7,po1000000600
3577,7,po1000008188
3578,7,po1000007594
3579,7,po1000007596
3580,7,po1000008566
3581,7,po1000004364
3582,7,po1000004441
3583,7,po1000004417
3584,7,po1000008190
3585,7,po1000007627
3586,7,po1000004545
3587,7,po1000009567
3588,7,po1000004558
3589,7,po1000007600
3590,7,po1000008128
3591,7,po1000004067
3592,7,po1000004560
3593,7,po1000004862
3594,7,po1000004540
3595,7,po1000007602
3596,7,po1000004129
3597,7,po1000008206
3598,7,po1000004312
3599,7,po1000004555
3600,7,po1000004157
3601,7,po1000004225
3602,7,po1000007604
3603,7,po1000007605
3604,7,po1000006147
3605,7,po1000004370
3606,7,po1000001251
3607,7,po1000000879
3608,7,po1000006159
3609,7,po1000002637
3610,7,po1000005128
3611,7,po1000008074
3612,7,po1000005205
3613,7,po1000004535
3614,7,po1000001156
3615,7,po1000007587
3616,7,po1000007610
3617,7,po1000004137
3618,7,po1000004534
3619,7,po1000004332
3620,7,po1000006362
3621,7,po1000001777
3622,7,po1000001774
3623,7,po1000004411
3624,7,po1000004172
3625,7,po1000001992
3626,7,po1000004922
3627,7,po1000004404
3628,7,po1000004265
3629,7,po1000008146
3630,7,po1000005106
3631,7,po1000004472
3632,7,po1000006186
3633,7,po1000008416
3634,7,po1000008148
3635,7,po1000004173
3636,7,po1000007616
3637,7,po1000004495
3638,7,po1000007437
3639,7,po1000004059
3640,7,po1000004136
3641,7,po1000006301
3642,7,po1000004273
3643,7,po1000004940
3644,7,po1000010074
3645,7,po1000004384
3646,7,po1000004379
3647,7,po1000004149
3648,7,po1000004158
3649,7,po1000003112
3650,7,po1000007618
3651,7,po1000008425
3652,7,po1000005803
3653,7,po1000004228
3654,7,po1000007052
3655,7,po1000004410
3656,7,po1000000106
3657,7,po1000000134
3658,7,po1000000322
3659,7,po1000006152
3660,7,po1000010006
3661,7,po1000004867
3662,7,po1000007442
3663,7,po1000008127
3664,7,po1000004426
3665,7,po1000004424
3666,7,po1000008208
3667,7,po1000004536
3668,7,po1000004559
3669,7,po1000004240
3670,7,po1000004314
3671,7,po1000004459
3672,7,po1000004483
3673,7,po1000004101
3674,7,po1000004215
3675,7,po1000008429
3676,7,po1000004468
3677,7,po1000008264
3678,7,po1000002158
3679,7,po1000006240
3680,7,po1000004210
3681,7,po1000001343
3682,7,po1000007599
3683,7,po1000001155
3684,7,po1000004216
3685,7,po1000004299
3686,7,po1000006212
3687,7,po1000004481
3688,7,po1000004931
3689,7,po1000004084
3690,7,po1000004185
3691,7,po1000008343
3692,7,po1000004321
3693,7,po1000004435
3694,7,po1000002143
3695,7,po1000004395
3696,7,po1000002144
3697,7,po1000000352
3698,7,po1000004402
3699,7,po1000009068
3700,7,po1000005212
3701,7,po1000008529
3702,7,po1000008400
3703,7,po1000004339
3704,7,po1000002607
3705,7,po1000004573
3706,7,po1000007635
3707,7,po1000000638
3708,7,po1000004476
3709,7,po1000008230
3710,7,po1000004518
3711,7,po1000000318
3712,7,po1000004142
3713,7,po1000004263
3714,7,po1000004269
3715,7,po1000002146
3716,7,po1000000317
3717,7,po1000006652
3718,7,po1000004249
3719,7,po1000004859
3720,7,po1000004206
3721,7,po1000002677
3722,7,po1000004177
3723,7,po1000004104
3724,7,po1000004208
3725,7,po1000004532
3726,7,po1000005218
3727,7,po1000005219
3728,7,po1000002142
3729,7,po1000008569
3730,7,po1000004305
3731,7,po1000004432
3732,7,po1000007519
3733,7,po1000004336
3734,7,po1000004947
3735,7,po1000002367
3736,7,po1000000148
3737,7,po1000004138
3738,7,po1000002491
3739,7,po1000000331
3740,7,po1000004344
3741,7,po1000004394
3742,7,po1000006161
3743,7,po1000007529
3744,7,po1000006376
3745,7,po1000008440
3746,7,po1000004930
3747,7,po1000008270
3748,7,po1000006266
3749,7,po1000006259
3750,7,po1000010257
3751,7,po1000004493
3752,7,po1000008156
3753,7,po1000000092
3754,7,po1000005202
3755,7,po1000008585
3756,7,po1000004267
3757,7,po1000008151
3758,7,po1000004134
3759,7,po1000004946
3760,7,po1000002320
3761,7,po1000000953
3762,7,po1000004335
3763,7,po1000006251
3764,7,po1000001279
3765,7,po1000008412
3766,7,po1000008153
3767,7,po1000006249
3768,7,po1000004127
3769,7,po1000008601
3770,7,po1000008434
3771,7,po1000006505
3772,7,po1000008131
3773,7,po1000010073
3774,7,po1000008611
3775,7,po1000007511
3776,7,po1000008143
3777,7,po1000008393
3778,7,po1000008133
3779,7,po1000005208
3780,7,po1000010031
3781,7,po1000007569
3782,7,po1000003491
3783,7,po1000006323
3784,7,po1000006246
3785,7,po1000008185
3786,7,po1000007561
3787,7,po1000007638
3788,7,po1000006348
3789,7,po1000008578
3790,7,po1000004466
3791,7,po1000003150
3792,7,po1000007453
3793,7,po1000004561
3794,7,po1000004390
3795,7,po1000010251
3796,7,po1000001278
3797,7,po1000009020
3798,7,po1000008398
3799,7,po1000004223
3800,7,po1000007984
3801,7,po1000004449
3802,7,po1000004271
3803,7,po1000007672
3804,7,po1000004863
3805,7,po1000010016
3806,7,po1000000314
3807,7,po1000004446
3808,7,po1000008421
3809,7,po1000002198
3810,7,po1000004253
3811,7,po1000008135
3812,7,po1000007559
3813,7,po1000007629
3814,7,po1000010077
3815,7,po1000007572
3816,7,po1000004342
3817,7,po1000009356
3818,7,po1000008397
3819,7,po1000007625
3820,7,po1000006230
3821,7,po1000007626
3822,7,po1000004516
3823,7,po1000004448
3824,7,po1000007603
3825,7,po1000004117
3826,7,po1000008599
3827,7,po1000004563
3828,7,po1000007609
3829,7,po1000004230
3830,7,po1000006156
3831,7,po1000004400
3832,7,po1000010258
3833,7,po1000002895
3834,7,po1000008291
3835,7,po1000007571
3836,7,po1000000316
3837,7,po1000007469
3838,7,po1000008431
3839,7,po1000010015
3840,7,po1000006231
3841,7,po1000004436
3842,7,po1000004130
3843,7,po1000008584
3844,7,po1000001152
3845,7,po1000004266
3846,7,po1000000562
3847,7,po1000008587
3848,7,po1000004500
3849,7,po1000004331
3850,7,po1000006232
3851,7,po1000008258
3852,7,po1000006365
3853,7,po1000004317
3854,7,po1000008246
3855,7,po1000010039
3856,7,po1000009559
3857,7,po1000010052
3858,7,po1000010072
3859,7,po1000010030
3860,7,po1000010255
3861,7,po1000009027
3862,7,po1000010047
3863,7,po1000010882
3864,7,po1000004858
3865,7,po1000004093
3866,7,po1000004194
3867,7,po1000004308
3868,7,po1000000325
3869,7,po1000008279
3870,7,po1000010012
3871,7,po1000008292
3872,7,po1000004096
3873,7,po1000004499
3874,7,po1000009566
3875,7,po1000006222
3876,7,po1000009558
3877,7,po1000010062
3878,7,po1000004531
3879,7,po1000008613
3880,7,po1000000553
3881,7,po1000009025
3882,7,po1000010013
3883,7,po1000009019
3884,7,po1000010014
3885,7,po1000008271
3886,7,po1000010256
3887,7,po1000004570
3888,7,po1000010075
3889,7,po1000010078
3890,7,po1000008277
3891,7,po1000003210
3892,7,po1000006236
3893,7,po1000006145
3894,7,po1000001740
3895,7,po1000004065
3896,7,po1000006977
3897,7,po1000009021
3898,7,po1000009015
3899,7,po1000008272
3900,7,po1000008218
3901,7,po1000001057
3902,7,po1000006310
3903,7,po1000007396
3904,7,po1000000829
3905,7,po1000009355
3906,7,po1000004380
3907,7,po1000004356
3908,7,po1000004475
3909,7,po1000008145
3910,7,po1000008581
3911,7,po1000006227
3912,7,po1000010065
3913,7,po1000005100
3914,7,po1000004113
3915,7,po1000000143
3916,7,po1000010010
3917,7,po1000010011
3918,7,po1000003783
3919,7,po1000005442
3920,7,po1000010050
3921,7,po1000010026
3922,7,po1000002103
3923,7,po1000008186
3924,7,po1000010042
3925,7,po1000008577
3926,7,po1000006184
3927,7,po1000004843
3928,7,po1000007634
3929,7,po1000004156
3930,7,po1000004082
3931,7,po1000006181
3932,7,po1000004656
3933,7,po1000008616
3934,7,po1000010253
3935,7,po1000009561
3936,7,po1000000345
3937,7,po1000008596
3938,7,po1000007533
3939,8,po1000000411
3940,8,po1000001417
3941,8,po1000004102
3942,8,po1000004351
3943,8,po1000010257
3944,8,po1000007436
3945,8,po1000007616
3946,8,po1000001252
3947,8,po1000002145
3948,8,po1000004461
3949,8,po1000004554
3950,8,po1000008156
3951,8,po1000006345
3952,8,po1000007528
3953,8,po1000008580
3954,8,po1000004243
3955,8,po1000004507
3956,8,po1000004556
3957,8,po1000008215
3958,8,po1000003333
3959,8,po1000004858
3960,8,po1000008606
3961,8,po1000004093
3962,8,po1000004866
3963,8,po1000008386
3964,8,po1000002130
3965,8,po1000004475
3966,8,po1000000092
3967,8,po1000010056
3968,8,po1000004194
3969,8,po1000000601
3970,8,po1000004340
3971,8,po1000005202
3972,8,po1000004842
3973,8,po1000004116
3974,8,po1000004859
3975,8,po1000004575
3976,8,po1000007457
3977,8,po1000004513
3978,8,po1000004576
3979,8,po1000004557
3980,8,po1000008389
3981,8,po1000008214
3982,8,po1000004252
3983,8,po1000004500
3984,8,po1000007468
3985,8,po1000004315
3986,8,po1000004267
3987,8,po1000004572
3988,8,po1000000315
3989,8,po1000004365
3990,8,po1000006258
3991,8,po1000008211
3992,8,po1000006259
3993,8,po1000000451
3994,8,po1000004274
3995,8,po1000008171
3996,8,po1000007640
3997,8,po1000004469
3998,8,po1000001315
3999,8,po1000008178
4000,8,po1000007641
4001,8,po1000004455
4002,8,po1000001151
4003,8,po1000008407
4004,8,po1000000324
4005,8,po1000002219
4006,8,po1000005206
4007,8,po1000008151
4008,8,po1000000180
4009,8,po1000010012
4010,8,po1000004412
4011,8,po1000004303
4012,8,po1000004306
4013,8,po1000004482
4014,8,po1000007481
4015,8,po1000004419
4016,8,po1000004864
4017,8,po1000004841
4018,8,po1000004860
4019,8,po1000007628
4020,8,po1000002198
4021,8,po1000004352
4022,8,po1000008290
4023,8,po1000004375
4024,8,po1000004488
4025,8,po1000004582
4026,8,po1000000706
4027,8,po1000007642
4028,8,po1000001619
4029,8,po1000004946
4030,8,po1000004499
4031,8,po1000000021
4032,8,po1000004204
4033,8,po1000000107
4034,8,po1000004454
4035,8,po1000004457
4036,8,po1000002320
4037,8,po1000000095
4038,8,po1000004392
4039,8,po1000001761
4040,8,po1000008636
4041,8,po1000000953
4042,8,po1000008583
4043,8,po1000007637
4044,8,po1000004403
4045,8,po1000004081
4046,8,po1000004335
4047,8,po1000004868
4048,8,po1000001043
4049,8,po1000001611
4050,8,po1000008411
4051,8,po1000004865
4052,8,po1000006251
4053,8,po1000004191
4054,8,po1000004056
4055,8,po1000006144
4056,8,po1000001279
4057,8,po1000008216
4058,8,po1000002913
4059,8,po1000004234
4060,8,po1000007623
4061,8,po1000008200
4062,8,po1000004210
4063,8,po1000007537
4064,8,po1000008412
4065,8,po1000008613
4066,8,po1000008153
4067,8,po1000004307
4068,8,po1000004313
4069,8,po1000004546
4070,8,po1000009358
4071,8,po1000009025
4072,8,po1000004318
4073,8,po1000008132
4074,8,po1000005210
4075,8,po1000004425
4076,8,po1000004270
4077,8,po1000006208
4078,8,po1000008423
4079,8,po1000007496
4080,8,po1000004085
4081,8,po1000004078
4082,8,po1000008161
4083,8,po1000002132
4084,8,po1000004175
4085,8,po1000004155
4086,8,po1000004127
4087,8,po1000004291
4088,8,po1000000950
4089,8,po1000002088
4090,8,po1000002037
4091,8,po1000004434
4092,8,po1000008273
4093,8,po1000004275
4094,8,po1000004266
4095,8,po1000002227
4096,8,po1000004491
4097,8,po1000008424
4098,8,po1000004398
4099,8,po1000004422
4100,8,po1000004490
4101,8,po1000004251
4102,8,po1000008193
4103,8,po1000004103
4104,8,po1000008641
4105,8,po1000004565
4106,8,po1000008228
4107,8,po1000004121
4108,8,po1000005222
4109,8,po1000004190
4110,8,po1000008601
4111,8,po1000008138
4112,8,po1000004064
4113,8,po1000001618
4114,8,po1000004471
4115,8,po1000004525
4116,8,po1000008197
4117,8,po1000007508
4118,8,po1000008570
4119,8,po1000004415
4120,8,po1000007646
4121,8,po1000004232
4122,8,po1000008434
4123,8,po1000007648
4124,8,po1000007509
4125,8,po1000004526
4126,8,po1000004217
4127,8,po1000007541
4128,8,po1000006328
4129,8,po1000003491
4130,8,po1000002356
4131,8,po1000006505
4132,8,po1000004508
4133,8,po1000002609
4134,8,po1000002608
4135,8,po1000006652
4136,8,po1000004514
4137,8,po1000004435
4138,8,po1000004165
4139,8,po1000004176
4140,8,po1000004511
4141,8,po1000001154
4142,8,po1000004171
4143,8,po1000004203
4144,8,po1000004260
4145,8,po1000006236
4146,8,po1000004496
4147,8,po1000004200
4148,8,po1000004443
4149,8,po1000004241
4150,8,po1000008611
4151,8,po1000004533
4152,8,po1000007511
4153,8,po1000007515
4154,8,po1000004530
4155,8,po1000004451
4156,8,po1000004286
4157,8,po1000000321
4158,8,po1000008143
4159,8,po1000004128
4160,8,po1000004852
4161,8,po1000005793
4162,8,po1000006984
4163,8,po1000004563
4164,8,po1000004553
4165,8,po1000001344
4166,8,po1000004195
4167,8,po1000004385
4168,8,po1000007534
4169,8,po1000004163
4170,8,po1000008133
4171,8,po1000005208
4172,8,po1000006182
4173,8,po1000004150
4174,8,po1000004431
4175,8,po1000008180
4176,8,po1000007546
4177,8,po1000001684
4178,8,po1000004655
4179,8,po1000004126
4180,8,po1000004139
4181,8,po1000004539
4182,8,po1000004329
4183,8,po1000004571
4184,8,po1000008435
4185,8,po1000008287
4186,8,po1000004075
4187,8,po1000008274
4188,8,po1000006977
4189,8,po1000007553
4190,8,po1000005155
4191,8,po1000008345
4192,8,po1000007658
4193,8,po1000001638
4194,8,po1000004487
4195,8,po1000005204
4196,8,po1000007566
4197,8,po1000004442
4198,8,po1000000561
4199,8,po1000007569
4200,8,po1000006268
4201,8,po1000000144
4202,8,po1000000146
4203,8,po1000009021
4204,8,po1000010794
4205,8,po1000001060
4206,8,po1000004408
4207,8,po1000006246
4208,8,po1000004309
4209,8,po1000008185
4210,8,po1000000322
4211,8,po1000004489
4212,8,po1000004106
4213,8,po1000004285
4214,8,po1000006247
4215,8,po1000000325
4216,8,po1000004316
4217,8,po1000001775
4218,8,po1000008529
4219,8,po1000004090
4220,8,po1000008585
4221,8,po1000001150
4222,8,po1000007567
4223,8,po1000004492
4224,8,po1000006202
4225,8,po1000001345
4226,8,po1000001372
4227,8,po1000008218
4228,8,po1000001057
4229,8,po1000004239
4230,8,po1000007571
4231,8,po1000008152
4232,8,po1000004334
4233,8,po1000004541
4234,8,po1000004345
4235,8,po1000004924
4236,8,po1000004246
4237,8,po1000001208
4238,8,po1000001256
4239,8,po1000004438
4240,8,po1000007449
4241,8,po1000006310
4242,8,po1000004297
4243,8,po1000004100
4244,8,po1000003150
4245,8,po1000004444
4246,8,po1000004161
4247,8,po1000002637
4248,8,po1000004470
4249,8,po1000007453
4250,8,po1000004561
4251,8,po1000007462
4252,8,po1000004288
4253,8,po1000004389
4254,8,po1000004380
4255,8,po1000002142
4256,8,po1000004562
4257,8,po1000004942
4258,8,po1000004110
4259,8,po1000007464
4260,8,po1000004323
4261,8,po1000000279
4262,8,po1000008221
4263,8,po1000001631
4264,8,po1000010249
4265,8,po1000004107
4266,8,po1000010251
4267,8,po1000009020
4268,8,po1000007473
4269,8,po1000004418
4270,8,po1000008396
4271,8,po1000004092
4272,8,po1000004172
4273,8,po1000008398
4274,8,po1000008225
4275,8,po1000005281
4276,8,po1000004223
4277,8,po1000000355
4278,8,po1000004192
4279,8,po1000008170
4280,8,po1000008400
4281,8,po1000007661
4282,8,po1000004255
4283,8,po1000007984
4284,8,po1000004373
4285,8,po1000004207
4286,8,po1000009355
4287,8,po1000008605
4288,8,po1000007662
4289,8,po1000004197
4290,8,po1000007664
4291,8,po1000002147
4292,8,po1000003004
4293,8,po1000001250
4294,8,po1000005106
4295,8,po1000004544
4296,8,po1000008184
4297,8,po1000008589
4298,8,po1000001079
4299,8,po1000004142
4300,8,po1000001207
4301,8,po1000008176
4302,8,po1000004486
4303,8,po1000004452
4304,8,po1000004498
4305,8,po1000004538
4306,8,po1000007540
4307,8,po1000004383
4308,8,po1000001612
4309,8,po1000000283
4310,8,po1000003782
4311,8,po1000004361
4312,8,po1000004378
4313,8,po1000004113
4314,8,po1000008234
4315,8,po1000002863
4316,8,po1000000314
4317,8,po1000004162
4318,8,po1000008155
4319,8,po1000002063
4320,8,po1000005212
4321,8,po1000004253
4322,8,po1000007630
4323,8,po1000000143
4324,8,po1000004302
4325,8,po1000007622
4326,8,po1000008422
4327,8,po1000004493
4328,8,po1000000560
4329,8,po1000004567
4330,8,po1000004573
4331,8,po1000007585
4332,8,po1000004944
4333,8,po1000004545
4334,8,po1000004540
4335,8,po1000001566
4336,8,po1000001565
4337,8,po1000006264
4338,8,po1000000879
4339,8,po1000003112
4340,8,po1000004497
4341,8,po1000004280
4342,8,po1000004202
4343,8,po1000004181
4344,8,po1000004134
4345,8,po1000002539
4346,8,po1000003210
4347,8,po1000004281
4348,8,po1000002520
4349,8,po1000004277
4350,8,po1000002335
4351,8,po1000004428
4352,8,po1000004331
4353,8,po1000004208
4354,8,po1000004219
4355,8,po1000004225
4356,8,po1000007604
4357,8,po1000007605
4358,8,po1000006147
4359,8,po1000006159
4360,8,po1000005128
4361,8,po1000008074
4362,8,po1000004402
4363,8,po1000004206
4364,8,po1000008199
4365,8,po1000004863
4366,8,po1000007559
4367,8,po1000004855
4368,8,po1000010948
4369,8,po1000006340
4370,8,po1000006240
4371,8,po1000006239
4372,8,po1000006237
4373,8,po1000004061
4374,8,po1000004066
4375,8,po1000004350
4376,8,po1000004349
4377,8,po1000004548
4378,8,po1000008282
4379,8,po1000007587
4380,8,po1000008608
4381,8,po1000006176
4382,8,po1000008397
4383,8,po1000006153
4384,8,po1000008381
4385,8,po1000004236
4386,8,po1000004135
4387,8,po1000004325
4388,8,po1000008272
4389,8,po1000006244
4390,8,po1000008165
4391,8,po1000001488
4392,8,po1000004125
4393,8,po1000004213
4394,8,po1000004068
4395,8,po1000010011
4396,8,po1000008154
4397,8,po1000001637
4398,8,po1000008202
4399,8,po1000004198
4400,8,po1000004094
4401,8,po1000004305
4402,8,po1000003783
4403,8,po1000004922
4404,8,po1000001381
4405,8,po1000004934
4406,8,po1000004456
4407,8,po1000004363
4408,8,po1000007568
4409,8,po1000004856
4410,8,po1000004527
4411,8,po1000008395
4412,8,po1000007572
4413,8,po1000001062
4414,8,po1000004342
4415,8,po1000004254
4416,8,po1000000323
4417,8,po1000000320
4418,8,po1000004189
4419,8,po1000004550
4420,8,po1000004368
4421,8,po1000007590
4422,8,po1000003486
4423,8,po1000001960
4424,8,po1000004348
4425,8,po1000007448
4426,8,po1000002360
4427,8,po1000007591
4428,8,po1000004410
4429,8,po1000004112
4430,8,po1000007625
4431,8,po1000004387
4432,8,po1000000329
4433,8,po1000007626
4434,8,po1000004238
4435,8,po1000001058
4436,8,po1000004242
4437,8,po1000004214
4438,8,po1000004188
4439,8,po1000007673
4440,8,po1000003976
4441,8,po1000000600
4442,8,po1000004505
4443,8,po1000007594
4444,8,po1000004935
4445,8,po1000007596
4446,8,po1000008566
4447,8,po1000007603
4448,8,po1000004516
4449,8,po1000004441
4450,8,po1000004417
4451,8,po1000007627
4452,8,po1000004558
4453,8,po1000007600
4454,8,po1000008128
4455,8,po1000008141
4456,8,po1000004067
4457,8,po1000004560
4458,8,po1000006156
4459,8,po1000002304
4460,8,po1000007602
4461,8,po1000004129
4462,8,po1000004173
4463,8,po1000006370
4464,8,po1000004312
4465,8,po1000004555
4466,8,po1000007595
4467,8,po1000004448
4468,8,po1000004157
4469,8,po1000004535
4470,8,po1000004447
4471,8,po1000005580
4472,8,po1000001156
4473,8,po1000008278
4474,8,po1000007609
4475,8,po1000004137
4476,8,po1000004534
4477,8,po1000004332
4478,8,po1000004339
4479,8,po1000006362
4480,8,po1000001777
4481,8,po1000001774
4482,8,po1000004400
4483,8,po1000004411
4484,8,po1000004404
4485,8,po1000008146
4486,8,po1000006186
4487,8,po1000008416
4488,8,po1000008148
4489,8,po1000000317
4490,8,po1000004495
4491,8,po1000007437
4492,8,po1000004136
4493,8,po1000004523
4494,8,po1000007441
4495,8,po1000004296
4496,8,po1000004271
4497,8,po1000004273
4498,8,po1000004265
4499,8,po1000004940
4500,8,po1000004462
4501,8,po1000004384
4502,8,po1000008577
4503,8,po1000007629
4504,8,po1000004379
4505,8,po1000004149
4506,8,po1000001529
4507,8,po1000004568
4508,8,po1000007618
4509,8,po1000010258
4510,8,po1000008425
4511,8,po1000004938
4512,8,po1000004228
4513,8,po1000007052
4514,8,po1000004117
4515,8,po1000000106
4516,8,po1000000134
4517,8,po1000006198
4518,8,po1000004867
4519,8,po1000007442
4520,8,po1000004169
4521,8,po1000006184
4522,8,po1000004426
4523,8,po1000008182
4524,8,po1000004424
4525,8,po1000010030
4526,8,po1000004423
4527,8,po1000004536
4528,8,po1000004843
4529,8,po1000004559
4530,8,po1000004240
4531,8,po1000004314
4532,8,po1000008291
4533,8,po1000004483
4534,8,po1000004101
4535,8,po1000004215
4536,8,po1000007443
4537,8,po1000008429
4538,8,po1000004468
4539,8,po1000008264
4540,8,po1000001342
4541,8,po1000000058
4542,8,po1000001251
4543,8,po1000004132
4544,8,po1000001343
4545,8,po1000007599
4546,8,po1000000316
4547,8,po1000002676
4548,8,po1000001155
4549,8,po1000007463
4550,8,po1000002144
4551,8,po1000004358
4552,8,po1000004159
4553,8,po1000007469
4554,8,po1000004216
4555,8,po1000007634
4556,8,po1000004299
4557,8,po1000004083
4558,8,po1000006212
4559,8,po1000004063
4560,8,po1000004481
4561,8,po1000006231
4562,8,po1000004436
4563,8,po1000004931
4564,8,po1000004130
4565,8,po1000000354
4566,8,po1000004084
4567,8,po1000004360
4568,8,po1000008269
4569,8,po1000008584
4570,8,po1000004583
4571,8,po1000006181
4572,8,po1000004321
4573,8,po1000000331
4574,8,po1000002143
4575,8,po1000004395
4576,8,po1000000352
4577,8,po1000001152
4578,8,po1000004656
4579,8,po1000000562
4580,8,po1000009068
4581,8,po1000001383
4582,8,po1000006173
4583,8,po1000004295
4584,8,po1000002607
4585,8,po1000004476
4586,8,po1000004370
4587,8,po1000008230
4588,8,po1000008587
4589,8,po1000004518
4590,8,po1000004446
4591,8,po1000004390
4592,8,po1000000318
4593,8,po1000004263
4594,8,po1000002146
4595,8,po1000004249
4596,8,po1000002677
4597,8,po1000004104
4598,8,po1000004844
4599,8,po1000005219
4600,8,po1000005218
4601,8,po1000000099
4602,8,po1000008569
4603,8,po1000006232
4604,8,po1000004386
4605,8,po1000004119
4606,8,po1000004432
4607,8,po1000007519
4608,8,po1000004336
4609,8,po1000000330
4610,8,po1000004372
4611,8,po1000002367
4612,8,po1000001056
4613,8,po1000002491
4614,8,po1000001670
4615,8,po1000000286
4616,8,po1000009022
4617,8,po1000004344
4618,8,po1000006365
4619,8,po1000004394
4620,8,po1000006161
4621,8,po1000007529
4622,8,po1000006376
4623,8,po1000001683
4624,8,po1000008246
